Item,Price
3rd_age_amulet,36503980
3rd_age_axe,651199709
3rd_age_bow,1578062301
3rd_age_cloak,423934094
3rd_age_druidic_cloak,968258346
3rd_age_druidic_robe_bottoms,2147462638
3rd_age_druidic_robe_top,2147360296
3rd_age_druidic_staff,539566777
3rd_age_full_helmet,22871675
3rd_age_kiteshield,32492091
3rd_age_longsword,1025750694
3rd_age_mage_hat,14670369
3rd_age_pickaxe,2147483477
3rd_age_platebody,122325740
3rd_age_platelegs,74262730
3rd_age_plateskirt,86144842
3rd_age_range_coif,9386245
3rd_age_range_legs,21922750
3rd_age_range_top,41387308
3rd_age_robe_top,69796948
3rd_age_robe,32606211
3rd_age_vambraces,8908421
3rd_age_wand,264894571
a_powdered_wig,20684
abyssal_ashes,1550
abyssal_bludgeon,24777116
abyssal_bracelet(5),2195
abyssal_dagger_(p),2663004
abyssal_dagger_(p+),2719075
abyssal_dagger_(p++),2549688
abyssal_dagger,2520707
abyssal_whip,2165347
achey_tree_logs,277
acorn,35
adamant_2h_sword,3504
adamant_arrow,19
adamant_arrow(p),138
adamant_arrow(p+),466
adamant_arrow(p++),19
adamant_arrowtips,97
adamant_axe,450
adamant_battleaxe,2098
adamant_bolts_(p),304
adamant_bolts_(p+),567
adamant_bolts_(p++),945
adamant_bolts,130
adamant_bolts(unf),179
adamant_boots,849
adamant_brutal,321
adamant_cane,1890
adamant_chainbody,2753
adamant_claws,1039
adamant_crossbow_(u),967
adamant_crossbow,903
adamant_dagger,277
adamant_dagger(p),511
adamant_dagger(p+),2021
adamant_dagger(p++),4656
adamant_dart_tip,184
adamant_dart,23
adamant_dart(p),35
adamant_dart(p+),415
adamant_dart(p++),701
adamant_dragon_mask,6439
adamant_full_helm_(g),7463
adamant_full_helm_(t),3107
adamant_full_helm,1835
adamant_gold-trimmed_set_(lg),64560
adamant_gold-trimmed_set_(sk),70299
adamant_halberd,11572
adamant_hasta,922
adamant_hasta(p),5111
adamant_hasta(p+),6253
adamant_hasta(p++),7701
adamant_helm_(h1),3390
adamant_helm_(h2),3287
adamant_helm_(h3),3548
adamant_helm_(h4),4690
adamant_helm_(h5),3058
adamant_javelin_heads,182
adamant_javelin,51
adamant_javelin(p),170
adamant_javelin(p+),167
adamant_javelin(p++),283
adamant_kiteshield_(g),13292
adamant_kiteshield_(t),4173
adamant_kiteshield,2938
adamant_knife,299
adamant_knife(p),550
adamant_knife(p+),688
adamant_knife(p++),1161
adamant_longsword,1614
adamant_mace,579
adamant_med_helm,970
adamant_pickaxe,1537
adamant_platebody_(g),23519
adamant_platebody_(h1),9565
adamant_platebody_(h2),9429
adamant_platebody_(h3),9472
adamant_platebody_(h4),9520
adamant_platebody_(h5),9371
adamant_platebody_(t),9969
adamant_platebody,9305
adamant_platelegs_(g),4741
adamant_platelegs_(t),5150
adamant_platelegs,3482
adamant_plateskirt_(g),3811
adamant_plateskirt_(t),4353
adamant_plateskirt,3625
adamant_scimitar,1288
adamant_set_(lg),18286
adamant_set_(sk),20679
adamant_shield_(h1),3139
adamant_shield_(h2),3528
adamant_shield_(h3),2969
adamant_shield_(h4),2887
adamant_shield_(h5),3172
adamant_spear,841
adamant_spear(p),834
adamant_spear(p+),1797
adamant_spear(p++),4729
adamant_sq_shield,2002
adamant_sword,1037
adamant_thrownaxe,306
adamant_trimmed_set_(lg),32589
adamant_trimmed_set_(sk),31291
adamant_warhammer,2249
adamantite_bar,1878
adamantite_limbs,1688
adamantite_nails,122
adamantite_ore,979
admiral_pie,110
afro,63911
agility_mix(1),675
agility_mix(2),409
agility_potion(1),85
agility_potion(2),199
agility_potion(3),124
agility_potion(4),225
ahrim's_armour_set,3010338
ahrim's_hood_0,13904
ahrim's_hood,56937
ahrim's_robeskirt_0,1273891
ahrim's_robeskirt,1328576
ahrim's_robetop_0,1400425
ahrim's_robetop,1505074
ahrim's_staff_0,50693
ahrim's_staff,110735
air_battlestaff,8929
air_orb,1065
air_rune,5
air_talisman,73
air_tiara,9
airtight_pot,909
ale_of_the_gods,497089
ale_yeast,702
amethyst_arrow,208
amethyst_arrow(p),298
amethyst_arrow(p+),415
amethyst_arrow(p++),898
amethyst_arrowtips,280
amethyst_bolt_tips,254
amethyst_broad_bolts,304
amethyst_dart_tip,536
amethyst_dart,387
amethyst_dart(p),442
amethyst_dart(p+),465
amethyst_dart(p++),542
amethyst_javelin_heads,816
amethyst_javelin,358
amethyst_javelin(p),770
amethyst_javelin(p+),823
amethyst_javelin(p++),1480
amethyst,4366
amulet_mould,101
amulet_of_accuracy,1587
amulet_of_avarice,574580
amulet_of_bounty,609
amulet_of_chemistry,1078
amulet_of_defence_(t),15735
amulet_of_defence,930
amulet_of_eternal_glory,38908134
amulet_of_fury,1578312
amulet_of_glory_(t),36611
amulet_of_glory_(t4),32681
amulet_of_glory_(t6),44938
amulet_of_glory,12030
amulet_of_glory(4),12273
amulet_of_glory(6),12302
amulet_of_magic_(t),29807
amulet_of_magic,562
amulet_of_power_(t),934120
amulet_of_power,2133
amulet_of_strength,1228
amulet_of_the_damned_(full),34237
amulet_of_torture,9314426
amylase_crystal,1029
ancestral_hat,9657399
ancestral_robe_bottom,56721897
ancestral_robe_top,52862572
ancestral_robes_set,119688996
anchovies,122
anchovy_pizza,578
ancient_blessing,3331
ancient_bracers,10586
ancient_chaps,222458
ancient_cloak,7476
ancient_coif,49828
ancient_crozier,3895
ancient_crystal,772974
ancient_d'hide_body,210282
ancient_d'hide_boots,299772
ancient_d'hide_shield,117939
ancient_dragonhide_set,534819
ancient_effigy,7988285
ancient_emblem,489252
ancient_full_helm,44860
ancient_kiteshield,53057
ancient_mace,1916
ancient_medallion,3990732
ancient_mitre,13635
ancient_page_1,14545
ancient_page_2,21583
ancient_page_3,18689
ancient_page_4,17904
ancient_platebody,42596
ancient_platelegs,39560
ancient_plateskirt,38069
ancient_relic,15966204
ancient_robe_legs,71408
ancient_robe_top,102795
ancient_rune_armour_set_(lg),196686
ancient_rune_armour_set_(sk),200097
ancient_staff,60276
ancient_statuette,1992671
ancient_stole,3282
ancient_totem,994249
ancient_wyvern_shield,18724427
anglerfish,1739
anguish_ornament_kit,5586582
ankou_gloves,3942040
ankou_mask,8725239
ankou_socks,1696700
ankou_top,26178871
ankou's_leggings,11067350
annakarl_teleport_(tablet),2500
anti-dragon_shield,93
anti-poison_supermix(1),280
anti-poison_supermix(2),294
anti-venom(1),664
anti-venom(2),1494
anti-venom(3),1816
anti-venom(4),2323
anti-venom+(1),2061
anti-venom+(2),4176
anti-venom+(3),6812
anti-venom+(4),8543
antidote+_mix(1),1418
antidote+_mix(2),2109
antidote+(1),688
antidote+(2),1416
antidote+(3),1839
antidote+(4),1689
antidote++(1),404
antidote++(2),624
antidote++(3),1072
antidote++(4),1724
antifire_mix(1),351
antifire_mix(2),216
antifire_potion(1),59
antifire_potion(2),127
antifire_potion(3),177
antifire_potion(4),327
antipoison_mix(1),445
antipoison_mix(2),283
antipoison(1),64
antipoison(2),113
antipoison(3),141
antipoison(4),225
ape_atoll_teleport_(tablet),2832
apple_mush,109
apple_pie,43
apple_sapling,201
apple_tree_seed,5
apples(5),386
apprentice_wand,543514
arcane_prayer_scroll,679624
arcane_sigil,170701309
arcane_spirit_shield,165257810
arceuus_banner,811
arceuus_hood,5622
arceuus_library_teleport_(tablet),1486
arceuus_scarf,7331
archer_helm,40062
archers_ring,2752812
archery_ticket,21
arctic_pine_logs,569
arctic_pyre_logs,1458
ardougne_teleport_(tablet),726
arena_book,1154
armadyl_bracers,60459
armadyl_chainskirt,21527043
armadyl_chaps,448816
armadyl_chestplate,24265721
armadyl_cloak,9892
armadyl_coif,61112
armadyl_crossbow,20417761
armadyl_crozier,3196
armadyl_d'hide_body,368679
armadyl_d'hide_boots,575467
armadyl_d'hide_shield,248459
armadyl_dragonhide_set,994621
armadyl_full_helm,23368
armadyl_godsword_ornament_kit,341420
armadyl_godsword,7201072
armadyl_helmet,3276975
armadyl_hilt,6578235
armadyl_kiteshield,33682
armadyl_mitre,12835
armadyl_page_1,7057
armadyl_page_2,10477
armadyl_page_3,7117
armadyl_page_4,12356
armadyl_platebody,38592
armadyl_platelegs,40448
armadyl_plateskirt,39472
armadyl_robe_legs,81241
armadyl_robe_top,73980
armadyl_rune_armour_set_(lg),150311
armadyl_rune_armour_set_(sk),155841
armadyl_stole,7067
arrow_shaft,1
asgarnian_ale_(flatpack),7141
asgarnian_ale,62
asgarnian_ale(4),16276
asgarnian_ale(m),4811
asgarnian_ale(m4),3255
asgarnian_hops,194
asgarnian_seed,5
ashes,67
assorted_flowers,170
astral_rune,140
asyn_remains,2145
attack_mix(1),188
attack_mix(2),65
attack_potion(1),2
attack_potion(2),4
attack_potion(3),3
attack_potion(4),8
avantoe_potion_(unf),1614
avantoe_seed,314
avantoe,1488
avernic_defender_hilt,46037440
axeman's_folly,2092
axeman's_folly(4),21266
axeman's_folly(m),44978
axeman's_folly(m4),207625
baby_impling_jar,880
babydragon_bones,414
bag_of_salt,18
bagged_bluebells,16883
bagged_daffodils,11062
bagged_dead_tree,1432
bagged_flower,5785
bagged_magic_tree,52575
bagged_maple_tree,16355
bagged_marigolds,11045
bagged_nice_tree,2746
bagged_oak_tree,6011
bagged_plant_1,1557
bagged_plant_2,5819
bagged_plant_3,11812
bagged_roses,15745
bagged_sunflower,5763
bagged_willow_tree,11267
bagged_yew_tree,21344
baked_potato,176
ball_of_wool,58
ballista_limbs,29462
ballista_spring,29389
banana_sapling,170
banana_stew,18
banana_tree_seed,6
banana,49
bananas(5),461
bandana_eyepatch_(blue),401
bandana_eyepatch_(brown),1134
bandana_eyepatch_(red),393
bandana_eyepatch_(white),379
bandit's_brew,1823
bandos_boots,185787
bandos_bracers,38357
bandos_chaps,218217
bandos_chestplate,14925203
bandos_cloak,31497
bandos_coif,55827
bandos_crozier,3075
bandos_d'hide_body,217686
bandos_d'hide_boots,311362
bandos_d'hide_shield,101342
bandos_dragonhide_set,560036
bandos_full_helm,21764
bandos_godsword_ornament_kit,2531831
bandos_godsword,6444901
bandos_hilt,6078937
bandos_kiteshield,33249
bandos_mitre,14460
bandos_page_1,2357
bandos_page_2,2192
bandos_page_3,2375
bandos_page_4,2313
bandos_platebody,48987
bandos_platelegs,39030
bandos_plateskirt,39504
bandos_robe_legs,69511
bandos_robe_top,62916
bandos_rune_armour_set_(lg),154122
bandos_rune_armour_set_(sk),172742
bandos_stole,7058
bandos_tassets,21730421
barb_bolttips,92
barb-tail_harpoon,22
barbarian_teleport_(tablet),750
barbed_bolts,88
bark,42
barley_malt,887
barley_seed,6
barley,520
barrel,311
barrows_teleport_(tablet),2861
basalt,540
basilisk_jaw,16224343
basket,2
bass,63
bastion_potion(1),1584
bastion_potion(2),3029
bastion_potion(3),4843
bastion_potion(4),6711
bat_bones,339
batta_tin,42
battlefront_teleport_(tablet),1892
battlemage_potion(1),1816
battlemage_potion(2),3514
battlemage_potion(3),4079
battlemage_potion(4),5465
battlestaff,8064
beanie,2821
bear_feet,29024
bear_fur,105
beer_barrel_(flatpack),39
beer_glass,86
beer_tankard,194
beer,97
beginner_wand,113458
belladonna_seed,82
berserker_helm,46539
berserker_necklace_ornament_kit,7338
berserker_necklace,1570750
berserker_ring,1656644
big_bones,119
big_fishing_net,314
big_pirate_hat,72375
binding_necklace,868
bird_house,624
bird_nest_(empty),3003
bird_snare,7
black_2h_sword,924
black_axe,236
black_battleaxe,490
black_bead,787
black_beret,37549
black_boater,3387
black_boots,312
black_brutal,335
black_cane,13440
black_cape,368
black_cavalier,24935
black_chainbody,2007
black_chinchompa,2202
black_claws,574
black_d'hide_body_(g),24203
black_d'hide_body_(t),11147
black_d'hide_body,7285
black_d'hide_chaps_(g),409993
black_d'hide_chaps_(t),51834
black_d'hide_chaps,3587
black_d'hide_shield,18907
black_d'hide_vambraces,2150
black_dagger,265
black_dagger(p),126
black_dagger(p+),3215
black_dagger(p++),3871
black_dart,1992
black_dart(p),33
black_dart(p+),22
black_dart(p++),46
black_demon_mask,88780
black_desert_robe,1985
black_desert_shirt,1319
black_dragon_leather,3118
black_dragon_mask,49837
black_dragonhide_set,14823
black_dragonhide,2962
black_elegant_legs,3751
black_elegant_shirt,5203
black_flowers,57768
black_full_helm_(g),106656
black_full_helm_(t),26009
black_full_helm,671
black_gold-trimmed_set_(lg),615439
black_gold-trimmed_set_(sk),555976
black_halberd,4882
black_headband,3128
black_helm_(h1),8932
black_helm_(h2),5664
black_helm_(h3),4933
black_helm_(h4),5914
black_helm_(h5),6792
black_kiteshield_(g),179492
black_kiteshield_(t),20197
black_kiteshield,1798
black_knife,44
black_knife(p),209
black_knife(p+),141
black_knife(p++),761
black_leprechaun_hat,4146
black_locks,21436
black_longsword,323
black_mace,368
black_mask_(10),691733
black_mask,720615
black_med_helm,158
black_nails,893
black_pickaxe,3575
black_platebody_(g),209774
black_platebody_(h1),3809
black_platebody_(h2),2296
black_platebody_(h3),2712
black_platebody_(h4),2311
black_platebody_(h5),2288
black_platebody_(t),25705
black_platebody,3737
black_platelegs_(g),78796
black_platelegs_(t),21152
black_platelegs,1104
black_plateskirt_(g),4211
black_plateskirt_(t),2739
black_plateskirt,1175
black_robe,501
black_salamander,304
black_scimitar,2058
black_set_(lg),8717
black_set_(sk),12184
black_shield_(h1),4247
black_shield_(h2),3365
black_shield_(h3),5611
black_shield_(h4),1494
black_shield_(h5),4456
black_skirt_(g),22347
black_skirt_(t),17252
black_skirt,49
black_spear,499
black_spear(p),8191
black_spear(p+),12123
black_spear(p++),11636
black_spiky_vambraces,2822
black_sq_shield,416
black_sword,238
black_tourmaline_core,1398779
black_toy_horsey,172
black_trimmed_set_(lg),119482
black_trimmed_set_(sk),111320
black_unicorn_mask,15648
black_warhammer,358
black_warlock_(item),308
black_wizard_hat_(g),344569
black_wizard_hat_(t),162520
black_wizard_robe_(g),278014
black_wizard_robe_(t),124111
blacksmith's_helm,37643
blade_of_saeldor_(inactive),166887374
blamish_bark_shell,380
blamish_blue_shell_(pointed),1973
blamish_blue_shell_(round),314
blamish_myre_shell_(pointed),116
blamish_myre_shell_(round),38
blamish_ochre_shell_(pointed),272
blamish_ochre_shell_(round),149
blamish_red_shell_(pointed),610
blamish_red_shell_(round),136
blessed_spirit_shield,722999
blighted_ancient_ice_sack,1269
blighted_anglerfish,1861
blighted_bind_sack,29
blighted_entangle_sack,542
blighted_karambwan,1451
blighted_manta_ray,1618
blighted_snare_sack,109
blighted_super_restore(4),9014
blighted_teleport_spell_sack,720
blighted_vengeance_sack,728
blood_pint,77
blood_rune,429
blood_shard,6675588
blood'n'tar_snelm_(pointed),893
blood'n'tar_snelm_(round),190
bloodbark_body,252000
bloodbark_boots,57703
bloodbark_gauntlets,40656
bloodbark_helm,118520
bloodbark_legs,262602
bloody_bracer,480
blue_beret,10671
blue_boater,3045
blue_boots,725
blue_cape,415
blue_d'hide_body_(g),5392
blue_d'hide_body_(t),5151
blue_d'hide_body,4845
blue_d'hide_chaps_(g),4289
blue_d'hide_chaps_(t),2273
blue_d'hide_chaps,2132
blue_d'hide_shield,4170
blue_d'hide_vambraces,1330
blue_dark_bow_paint,926025
blue_dragon_leather,1832
blue_dragon_mask,5874
blue_dragon_scale,719
blue_dragonhide_set,9034
blue_dragonhide,1713
blue_dye,288
blue_elegant_blouse,4333
blue_elegant_legs,8118
blue_elegant_shirt,42948
blue_elegant_skirt,3492
blue_feather,39
blue_firelighter,73
blue_flowers,204
blue_halloween_mask,2669
blue_hat,535
blue_headband,2674
blue_partyhat,9031
blue_robe_bottoms,354
blue_robe_top,587
blue_skirt_(g),30079
blue_skirt_(t),16209
blue_skirt,109
blue_spiky_vambraces,1697
blue_wizard_hat_(g),236745
blue_wizard_hat_(t),69852
blue_wizard_hat,190
blue_wizard_robe_(g),268444
blue_wizard_robe_(t),55384
blue_wizard_robe,820
bluegill,32
blurberry_special,3212
bob's_black_shirt,56344
bob's_blue_shirt,23504
bob's_green_shirt,22777
bob's_purple_shirt,21855
bob's_red_shirt,23184
body_rune,5
body_talisman,1439
body_tiara,6
bolt_mould,4
bolt_of_cloth,971
bolt_rack,76
bone_bolts,8
bone_club,305
bone_dagger_(p),3705
bone_dagger_(p+),5602
bone_dagger_(p++),6403
bone_dagger,3540
bone_fragments,372
bone_spear,316
bones_to_bananas_(tablet),511
bones_to_peaches_(tablet),855
bones,92
book_of_balance_page_set,16621
book_of_darkness_page_set,96071
book_of_law_page_set,63331
book_of_war_page_set,17998
bookcase_(flatpack),13
boots_of_brimstone,514610
boots_of_darkness,29350
boots_of_stone,410
botanical_pie,656
bottle_of_wine,589
bottled_dragonbreath_(unpowered),7704
bottled_dragonbreath,8129
bottomless_compost_bucket,131555
bow_of_faerdhinen_(inactive),165897976
bow_string,96
bowl_of_hot_water,226
bowl_of_water,55
bowl_wig,20955
bowl,17
box_trap,53
bracelet_mould,383
bracelet_of_clay,567
bracelet_of_ethereum_(uncharged),43615
bracelet_of_slaughter,2540
brandy,52
brass_key,342
brass_necklace,130
bread_dough,132
bread,161
briefcase,284345
brimstone_ring,2186147
brine_sabre,171615
broad_arrowheads,52
broad_bolts,60
broken_bark_snelm,243
broken_dragon_hasta,37203
bronze_2h_sword,416
bronze_arrow,3
bronze_arrow(p),58
bronze_arrow(p+),16
bronze_arrow(p++),32
bronze_arrowtips,2
bronze_axe,62
bronze_bar,218
bronze_battleaxe,51
bronze_bolts_(p),67
bronze_bolts_(p+),211
bronze_bolts_(p++),525
bronze_bolts_(unf),21
bronze_bolts,2
bronze_boots,554
bronze_brutal,97
bronze_chainbody,56
bronze_claws,130
bronze_crossbow_(u),57
bronze_crossbow,128
bronze_dagger,57
bronze_dagger(p),242
bronze_dagger(p+),3047
bronze_dagger(p++),4369
bronze_dart_tip,44
bronze_dart,21
bronze_dart(p),19
bronze_dart(p+),34
bronze_dart(p++),35
bronze_dragon_mask,5709
bronze_full_helm_(g),48741
bronze_full_helm_(t),11028
bronze_full_helm,123
bronze_gold-trimmed_set_(lg),306979
bronze_gold-trimmed_set_(sk),290180
bronze_halberd,447
bronze_hasta,74
bronze_hasta(p),4276
bronze_hasta(p+),5478
bronze_hasta(p++),5880
bronze_javelin_heads,38
bronze_javelin,4
bronze_javelin(p),9
bronze_javelin(p+),9
bronze_javelin(p++),13
bronze_kiteshield_(g),41966
bronze_kiteshield_(t),8555
bronze_kiteshield,167
bronze_knife,30
bronze_knife(p),45
bronze_knife(p+),41
bronze_knife(p++),130
bronze_limbs,69
bronze_locks,3800
bronze_longsword,80
bronze_mace,120
bronze_med_helm,115
bronze_nails,3
bronze_pickaxe,49
bronze_platebody_(g),140902
bronze_platebody_(t),7829
bronze_platebody,71
bronze_platelegs_(g),37490
bronze_platelegs_(t),1645
bronze_platelegs,297
bronze_plateskirt_(g),5680
bronze_plateskirt_(t),1638
bronze_plateskirt,117
bronze_scimitar,94
bronze_set_(lg),1113
bronze_set_(sk),630
bronze_spear,342
bronze_spear(p),1807
bronze_spear(p+),787
bronze_spear(p++),54
bronze_sq_shield,53
bronze_sword,78
bronze_thrownaxe,17
bronze_trimmed_set_(lg),46777
bronze_trimmed_set_(sk),44941
bronze_warhammer,44
bronze_wire,285
broodoo_shield_(10)_(blue),1494
broodoo_shield_(10)_(green),1808
broodoo_shield_(10)_(orange),1810
broodoo_shield_(blue),2563
broodoo_shield_(green),3246
broodoo_shield_(orange),3783
brown_apron,157
brown_headband,1499
brown_toy_horsey,178
bruise_blue_snelm_(pointed),2704
bruise_blue_snelm_(round),123
bryophyta's_essence,5933489
bryophyta's_staff_(uncharged),5093568
bucket_helm_(g),1794098
bucket_helm,20506
bucket_of_milk,31
bucket_of_sand,37
bucket_of_sap,297
bucket_of_water,30
bucket_of_wax,852
bucket,7
bullseye_lantern_(empty),383
bullseye_lantern_(unf),199
bullseye_lantern,900
burning_amulet(5),2738
burnt_bones,251
burnt_page,3133
butterfly_jar,85
butterfly_net,12
cabbage_round_shield,24428
cabbage_seed,2
cabbage,52
cabbages(10),844
cactus_seed,38
cactus_spine,1506
cadantine_blood_potion_(unf),5437
cadantine_potion_(unf),1780
cadantine_seed,586
cadantine,1587
cadava_berries,69
cadavaberry_seed,4
cake_tin,40
cake,132
calcite,8
calquat_fruit,74
calquat_keg,174
calquat_sapling,893
calquat_tree_seed,209
camelot_teleport_(tablet),352
candle_lantern_(black),9163
candle_lantern_(white),362
candle,196
cannon_barrels,183439
cannon_base,185292
cannon_furnace,187996
cannon_stand,189783
cannonball,170
cape_of_skulls,10927747
carrallangar_teleport_(tablet),1393
carved_oak_bench_(flatpack),18
carved_oak_magic_wardrobe_(flatpack),11
carved_oak_table_(flatpack),10
carved_teak_bench_(flatpack),281
carved_teak_magic_wardrobe_(flatpack),39
carved_teak_table_(flatpack),366
casket,685
castle_wars_bracelet(3),905
cat_mask,10372
catherby_teleport_(tablet),1674
cavalier_mask,94213
cave_eel,160
cave_goblin_wire,1012
caviar,208
celastrus_bark,8091
celastrus_sapling,76435
celastrus_seed,73573
cemetery_teleport_(tablet),2267
chaos_rune,48
chaos_talisman,506
chaos_tiara,12
charcoal,95
charge_dragonstone_jewellery_scroll,193
cheese,52
cheese+tom_batta,1438
chef's_delight_(flatpack),31892
chef's_delight,858
chef's_delight(4),13272
chef's_delight(m),52399
chef's_delight(m4),185006
chef's_hat,243
chilli_con_carne,30
chilli_potato,209
chinchompa,698
chisel,70
choc_saturday,33
choc-ice,226
chocchip_crunchies,1266
chocolate_bar,21
chocolate_bomb,876
chocolate_cake,180
chocolate_dust,33
chopped_garlic,251
chopped_onion,31
chopped_tomato,30
chopped_tuna,190
chopped_ugthanki,5
christmas_cracker,11440
cider_barrel_(flatpack),9386
cider,237
cider(4),6753
cider(m4),73039
circular_hide,24661
citizen_shoes,805
citizen_top,567
citizen_trousers,768
clay,210
cleaning_cloth,97
cleaver,18276
climbing_boots_(g),46870
climbing_boots,459
clockwork,606
clue_box,198287
coal,177
cocktail_glass,130
cocktail_guide,75
cocktail_shaker,43
coconut_milk,1015
coconut,1020
cod,15
coif,16
combat_bracelet,12227
combat_bracelet(4),12513
combat_bracelet(6),12533
combat_mix(1),299
combat_mix(2),395
combat_potion_set,882
combat_potion(1),128
combat_potion(2),242
combat_potion(3),396
combat_potion(4),565
common_kebbit_fur,857
common_tench,300
comp_ogre_bow,811
compost_potion(1),78
compost_potion(2),186
compost_potion(3),79
compost_potion(4),186
compost,26
cooked_chicken,105
cooked_chompy_(roasted),9337
cooked_chompy,17
cooked_crab_meat,655
cooked_jubbly,515
cooked_karambwan,503
cooked_meat,116
cooked_mystery_meat,268
cooked_oomlie_wrap,4956
cooked_rabbit,169
cooked_slimy_eel,180
cooked_sweetcorn,359
cooking_apple,28
copper_ore,76
cornflour,2749
cosmic_rune,159
cosmic_talisman,807
cosmic_tiara,12
cowhide,213
craw's_bow_(u),18042174
cream_boots,357
cream_hat,436
cream_robe_bottoms,168
cream_robe_top,344
crier_bell,3520
crier_coat,3773
crier_hat,3434
crossbow_string,180
crossbow,133
crude_chair_(flatpack),584
crunchy_tray,48
crushed_nest,3066
crushed_superior_dragon_bones,8376
crystal_armour_seed,7755842
crystal_ball_(flatpack),239
crystal_grail,471069
crystal_key,21479
crystal_of_power_(flatpack),5588
crystal_tool_seed,4885185
crystal_weapon_seed,277372
cup_of_hot_water,320
cup_of_tea,100
cup_of_water,73
cured_yak-hide,386
curry_leaf,40
curry_sapling,246
curry_tree_seed,5
curry,962
cyclops_head,10711
dagannoth_bones,6708
dagannoth_hide,247
dagon'hai_hat,1411841
dagon'hai_robe_bottom,1491936
dagon'hai_robe_top,5901805
dagon'hai_robes_set,8793349
damaged_monkey_tail,64
dareeyak_teleport_(tablet),1553
dark_bow_tie,373933
dark_bow,362427
dark_cavalier,6560
dark_crab,1525
dark_fishing_bait,6
dark_infinity_colour_kit,11356
dark_kebbit_fur,382
dark_trousers,1041517
dark_tuxedo_cuffs,118585
dark_tuxedo_jacket,1862660
dark_tuxedo_shoes,527522
dashing_kebbit_fur,922
death_rune,183
death_talisman,8603
death_tiara,7971
deerstalker,30860
defence_mix(1),20
defence_mix(2),58
defence_potion(1),100
defence_potion(2),171
defence_potion(3),234
defence_potion(4),378
demon_feet,41797
desert_boots,113
desert_camo_legs,3429
desert_camo_top,3155
desert_devil_fur,569
desert_goat_horn,41
desert_legs,564
desert_robe,130
desert_robes,537
desert_shirt,128
desert_top_(overcoat),746
desert_top,590
devout_boots,1103715
dexterous_prayer_scroll,13981143
dharok's_armour_set,2774087
dharok's_greataxe_0,567510
dharok's_greataxe,641345
dharok's_helm_0,156665
dharok's_helm,195450
dharok's_platebody_0,860888
dharok's_platebody,949522
dharok's_platelegs_0,830189
dharok's_platelegs,896440
diamond_amulet_(u),1931
diamond_amulet,2080
diamond_bolt_tips,170
diamond_bolts_(e),305
diamond_bolts,316
diamond_bracelet,2005
diamond_dragon_bolts_(e),1271
diamond_dragon_bolts,1228
diamond_necklace,1999
diamond_ring,1954
diamond,1784
digsite_teleport,10219
dinh's_bulwark,5062639
disk_of_returning,16008
divine_bastion_potion(1),2747
divine_bastion_potion(2),4733
divine_bastion_potion(3),7846
divine_bastion_potion(4),8927
divine_battlemage_potion(1),3158
divine_battlemage_potion(2),7020
divine_battlemage_potion(3),8654
divine_battlemage_potion(4),8038
divine_magic_potion(1),681
divine_magic_potion(2),1101
divine_magic_potion(3),1736
divine_magic_potion(4),1991
divine_ranging_potion(1),569
divine_ranging_potion(2),1166
divine_ranging_potion(3),1600
divine_ranging_potion(4),1481
divine_super_attack_potion(1),321
divine_super_attack_potion(2),768
divine_super_attack_potion(3),912
divine_super_attack_potion(4),1262
divine_super_combat_potion(1),3662
divine_super_combat_potion(2),7436
divine_super_combat_potion(3),11225
divine_super_combat_potion(4),13937
divine_super_defence_potion(1),620
divine_super_defence_potion(2),966
divine_super_defence_potion(3),1082
divine_super_defence_potion(4),1557
divine_super_strength_potion(1),880
divine_super_strength_potion(2),1536
divine_super_strength_potion(3),2319
divine_super_strength_potion(4),2952
dodgy_necklace,1036
doogle_leaves,118
dorgeshuun_crossbow,1656
double_eye_patch,28809
draconic_visage,1977602
dragon_2h_sword,132920
dragon_armour_set_(lg),121124728
dragon_armour_set_(sk),90438119
dragon_arrow,588
dragon_arrow(p),809
dragon_arrow(p+),1005
dragon_arrow(p++),1249
dragon_arrowtips,636
dragon_axe,40202
dragon_battleaxe,119064
dragon_bitter_(flatpack),244
dragon_bitter,495
dragon_bitter(4),6791
dragon_bitter(m),422
dragon_bitter(m4),16551
dragon_bolts_(p),926
dragon_bolts_(p+),1263
dragon_bolts_(p++),1264
dragon_bolts_(unf),1034
dragon_bolts,1011
dragon_bones,1610
dragon_boots_ornament_kit,40914
dragon_boots,203027
dragon_cane,25747
dragon_chainbody_ornament_kit,8519
dragon_chainbody,161487
dragon_claws,61796297
dragon_crossbow_(u),693165
dragon_crossbow,554073
dragon_dagger,17350
dragon_dagger(p),18117
dragon_dagger(p+),17027
dragon_dagger(p++),17494
dragon_dart_tip,2001
dragon_dart,1560
dragon_dart(p),2488
dragon_dart(p+),2766
dragon_dart(p++),2131
dragon_defender_ornament_kit,298577
dragon_full_helm_ornament_kit,21311
dragon_full_helm,63462860
dragon_halberd,149056
dragon_harpoon,1000772
dragon_hasta,38720
dragon_hasta(p),43417
dragon_hasta(p+),46742
dragon_hasta(p++),43101
dragon_hunter_crossbow,67132102
dragon_hunter_lance,46397708
dragon_impling_jar,269769
dragon_javelin_heads,959
dragon_javelin,861
dragon_javelin(p),1159
dragon_javelin(p+),1328
dragon_javelin(p++),1465
dragon_kiteshield_ornament_kit,4971097
dragon_kiteshield,53865893
dragon_knife,2162
dragon_knife(p),2400
dragon_knife(p+),2448
dragon_knife(p++),2807
dragon_legs/skirt_ornament_kit,15687
dragon_limbs,546424
dragon_longsword,59194
dragon_mace,29518
dragon_med_helm,58977
dragon_metal_lump,97280
dragon_metal_shard,1800548
dragon_metal_slice,47190398
dragon_necklace,11898
dragon_pickaxe_upgrade_kit,582979
dragon_pickaxe,3006592
dragon_platebody_ornament_kit,12566502
dragon_platebody,2093654
dragon_platelegs,161233
dragon_plateskirt,161196
dragon_scale_dust,138
dragon_scimitar_ornament_kit,463426
dragon_scimitar,59613
dragon_spear,37255
dragon_spear(p),41284
dragon_spear(p+),42963
dragon_spear(p++),39461
dragon_sq_shield_ornament_kit,13546
dragon_sq_shield,300308
dragon_sword,59547
dragon_thrownaxe,372
dragon_warhammer,28393992
dragonbone_necklace,48868
dragonfire_shield,1966389
dragonfire_ward,14716452
dragonfruit_pie,358
dragonfruit_sapling,179086
dragonfruit_tree_seed,176816
dragonfruit,732
dragonstone_amulet_(u),11858
dragonstone_amulet,11752
dragonstone_armour_set,3633423
dragonstone_bolt_tips,460
dragonstone_bolts_(e),457
dragonstone_bolts,607
dragonstone_boots,84220
dragonstone_bracelet,11839
dragonstone_dragon_bolts_(e),1495
dragonstone_dragon_bolts,1401
dragonstone_full_helm,1228462
dragonstone_gauntlets,359546
dragonstone_platebody,738289
dragonstone_platelegs,1216518
dragonstone_ring,11615
dragonstone,11625
drake_bones,2061
drake's_claw,495388
drake's_tooth,59808
draynor_manor_teleport_(tablet),1667
drift_net,2338
druid's_robe_top,704
druid's_robe,402
drunk_dragon,35
dual_sai,6273
dust_battlestaff,18150
dust_rune,6
dwarf_cannon_set,753355
dwarf_weed_potion_(unf),934
dwarf_weed_seed,216
dwarf_weed,804
dwarven_helmet,40007
dwarven_stout,90
dwarven_stout(4),14434
dwarven_stout(m),21372
dwarven_stout(m4),234265
dwellberries,29
dwellberry_seed,4
dynamite,570
earmuffs,346
earth_battlestaff,8949
earth_impling_jar,1104
earth_orb,1017
earth_rune,5
earth_talisman,419
earth_tiara,2
easter_egg,2709
eclectic_impling_jar,2349
edible_seaweed,14
efaritay's_aid,861
efh_salt,89
egg_and_tomato,121
egg_potato,305
egg_whisk,56
egg,30
elder_chaos_hood,554805
elder_chaos_robe,302006
elder_chaos_top,479956
elder_maul,12929980
eldritch_orb,46281757
elemental_helmet,462
elemental_shield,1218
elemental_sphere_(flatpack),824
elemental_talisman,2809
elven_boots,10538
elven_dawn,34
elven_gloves,12298
elven_legwear,7092
elven_signet,4126612
elven_skirt_(white),6882
elven_skirt_(yellow),5988
elven_top_(white_vest),6920
elven_top_(white),6529
elven_top_(yellow_vest),6972
elven_top_(yellow),6106
elysian_sigil,867857126
elysian_spirit_shield,784818775
emerald_amulet_(u),653
emerald_amulet,734
emerald_bolt_tips,52
emerald_bolts_(e),40
emerald_bolts,131
emerald_bracelet,778
emerald_dragon_bolts_(e),862
emerald_dragon_bolts,692
emerald_necklace,694
emerald_ring,668
emerald,466
empty_candle_lantern,10
empty_cup,7
empty_fishbowl,9
empty_oil_lamp,6
empty_oil_lantern,22
empty_plant_pot,11
empty_sack,2
enchant_diamond,379
enchant_dragonstone,260
enchant_emerald_or_jade,402
enchant_onyx,599
enchant_ruby_or_topaz,651
enchant_sapphire_or_opal,150
enchanted_hat,9968
enchanted_robe,48557
enchanted_top,73890
energy_mix(1),272
energy_mix(2),485
energy_potion(1),145
energy_potion(2),280
energy_potion(3),403
energy_potion(4),573
enhanced_crystal_teleport_seed,2472257
enhanced_crystal_weapon_seed,169563125
ensouled_abyssal_head,2215
ensouled_aviansie_head,1314
ensouled_bear_head,476
ensouled_bloodveld_head,1560
ensouled_chaos_druid_head,390
ensouled_dagannoth_head,1000
ensouled_demon_head,2839
ensouled_dog_head,505
ensouled_dragon_head,4853
ensouled_elf_head,1057
ensouled_giant_head,494
ensouled_goblin_head,162
ensouled_horror_head,1230
ensouled_imp_head,250
ensouled_kalphite_head,847
ensouled_minotaur_head,322
ensouled_monkey_head,164
ensouled_ogre_head,758
ensouled_scorpion_head,458
ensouled_troll_head,950
ensouled_tzhaar_head,1960
ensouled_unicorn_head,3230
equa_leaves,83
essence_impling_jar,1409
eternal_boots,2568822
eternal_crystal,1929397
eternal_gem,9244558
evil_chicken_feet,683360
evil_chicken_head,787944
evil_chicken_legs,888462
evil_chicken_wings,364567
expeditious_bracelet,850
explorer_backpack,16220
extended_antifire_mix(1),573
extended_antifire_mix(2),820
extended_antifire(1),68
extended_antifire(2),168
extended_antifire(3),191
extended_antifire(4),215
extended_super_antifire_mix(1),563
extended_super_antifire_mix(2),3765
extended_super_antifire(1),1881
extended_super_antifire(2),4062
extended_super_antifire(3),6165
extended_super_antifire(4),7342
eye_of_newt,5
facemask,421
fake_beard,377
falador_teleport_(tablet),528
fancy_hedge_(bagged),25443
fancy_teak_dresser_(flatpack),301
fancy_tiara,23516
farseer_helm,39219
fat_snail_meat,1202
fat_snail,1389
fayrg_bones,2731
feather,3
fedora,7771
feldip_hills_teleport,1003
feldip_weasel_fur,13
fenkenstrain's_castle_teleport_(tablet),1793
fez,458
fibula_piece,19632
fiendish_ashes,91
filled_plant_pot,1
fine_cloth,7723
fire_battlestaff,8927
fire_orb,1058
fire_rune,5
fire_talisman,5606
fire_tiara,65
fish_chunks,10
fish_food,450
fish_offcuts,37
fish_pie,64
fishing_bait,3
fishing_guild_teleport_(tablet),1071
fishing_mix(1),65
fishing_mix(2),152
fishing_potion(1),47
fishing_potion(2),125
fishing_potion(3),126
fishing_potion(4),174
fishing_rod,49
fiyr_remains,2915
flamtaer_bracelet,857
flamtaer_hammer,5347
flared_trousers,2668474
flattened_hide,3319
flax,3
flighted_ogre_arrow,121
fly_fishing_rod,165
four-poster_bed_(flatpack),3915
fremennik_beige_shirt,639
fremennik_black_cloak,1699
fremennik_blue_cloak,988
fremennik_blue_shirt,657
fremennik_boots,124
fremennik_brown_cloak,19
fremennik_brown_shirt,9
fremennik_cyan_cloak,1078
fremennik_gloves,262
fremennik_green_cloak,1180
fremennik_grey_cloak,715
fremennik_grey_shirt,636
fremennik_hat,1064
fremennik_kilt,3051811
fremennik_pink_cloak,666
fremennik_purple_cloak,78
fremennik_red_cloak,1289
fremennik_red_shirt,528
fremennik_robe,876
fremennik_skirt,896
fremennik_teal_cloak,621
fremennik_yellow_cloak,889
fried_mushrooms,144
fried_onions,25
frog_slippers,64759
frog-leather_body,756
frog-leather_boots,190
frog-leather_chaps,298
frozen_whip_mix,1001435
fruit_batta,2617
fruit_blast,1393
frying_pan,1234
fur,253
fury_ornament_kit,728259
gadderhammer,1537
games_necklace(8),774
garden_pie,120
gardening_boots,4891
gardening_trowel,246
garlic_powder,231
garlic,51
ghorrock_teleport_(tablet),1346
ghrazi_rapier,96958409
gianne_dough,21
gianne's_cook_book,51
giant_boot,51650
giant_egg_sac(full),40502
giant_frog_legs,1746
giant_seaweed,143
gilded_2h_sword,4092838
gilded_armour_set_(lg),13314343
gilded_armour_set_(sk),10201109
gilded_axe,4713018
gilded_bench_(flatpack),322421
gilded_boots,3092220
gilded_cape_rack_(flatpack),14777
gilded_chainbody,1370741
gilded_clock_(flatpack),7676
gilded_coif,632287
gilded_d'hide_body,1156440
gilded_d'hide_chaps,11276217
gilded_d'hide_vambraces,4855956
gilded_dragonhide_set,17680015
gilded_dresser_(flatpack),40794
gilded_four-poster_(flatpack),67812
gilded_full_helm,2988453
gilded_hasta,534753
gilded_kiteshield,2872561
gilded_magic_wardrobe_(flatpack),6138
gilded_med_helm,655750
gilded_pickaxe,4606433
gilded_platebody,3269000
gilded_platelegs,4005327
gilded_plateskirt,914372
gilded_scimitar,16626197
gilded_spade,3596365
gilded_spear,480833
gilded_sq_shield,787977
gilded_wardrobe_(flatpack),50946
gin,83
glassblowing_pipe,77
gloves_of_darkness,28265
gloves_of_silence,1964
gnome_goggles,8870
gnome_scarf,718255
gnome_spice,42
gnomeball,6227
gnomebowl_mould,191
gnomish_firelighter,3881
goat_horn_dust,98
goblin_book,495
goblin_mail,373
goblin_mask,13530
godsword_blade,500825
godsword_shard_1,152184
godsword_shard_2,153315
godsword_shard_3,151509
gold_amulet_(u),136
gold_amulet,177
gold_bar,92
gold_bracelet,215
gold_elegant_blouse,1695
gold_elegant_legs,2004
gold_elegant_shirt,1903
gold_elegant_skirt,1569
gold_headband,2624
gold_leaf,131966
gold_locks,18378
gold_necklace,116
gold_ore,143
gold_ring,134
gold_seal,765
golden_apron,180169
golden_chef's_hat,482098
golden_scarab,1014
golden_statuette,1258
golovanova_fruit_top,587
gourmet_impling_jar,2320
gout_tuber,700013
graahk_fur,387
graahk_headdress,1988
graahk_legs,1163
graahk_top,900
grain,15
grand_seed_pod,151648
granite_(2kg),36
granite_(500g),73
granite_(5kg),412
granite_body,50084
granite_boots,396652
granite_clamp,1051371
granite_gloves,23186
granite_hammer,72313
granite_helm,28633
granite_legs,39044
granite_longsword,18863
granite_maul,125215
granite_ring,14843
granite_shield,33039
grape_seed,1572
grapes,25
greater_demon_mask,26290
greater_siren,91
green_boater,5751
green_boots,712
green_cape,618
green_d'hide_body_(g),10595
green_d'hide_body_(t),6638
green_d'hide_body,4217
green_d'hide_chaps_(g),39183
green_d'hide_chaps_(t),8824
green_d'hide_chaps,2166
green_d'hide_shield,3119
green_d'hide_vambraces,1330
green_dark_bow_paint,995632
green_dragon_leather,1589
green_dragon_mask,6822
green_dragonhide_set,7777
green_dragonhide,1502
green_dye,590
green_elegant_blouse,5145
green_elegant_legs,15306
green_elegant_shirt,34356
green_elegant_skirt,2806
green_firelighter,76
green_halloween_mask,2697
green_hat,481
green_headband,2164
green_partyhat,2219
green_robe_bottoms,515
green_robe_top,559
green_spiky_vambraces,1669
greenman's_ale_(flatpack),10414
greenman's_ale,809
greenman's_ale(m),37679
greenmans_ale(4),16167
greenmans_ale(m4),161776
grey_boots,986
grey_gloves,957
grey_hat,994
grey_robe_bottoms,859
grey_robe_top,533
grey_toy_horsey,143
grey_wolf_fur,45
grimy_avantoe,1456
grimy_cadantine,1582
grimy_dwarf_weed,791
grimy_guam_leaf,35
grimy_harralander,770
grimy_irit_leaf,707
grimy_kwuarm,1431
grimy_lantadyme,1425
grimy_marrentill,23
grimy_ranarr_weed,7413
grimy_snapdragon,8679
grimy_tarromin,93
grimy_toadflax,1981
grimy_torstol,7292
grog,243
ground_guam,6
grubby_key,39392
guam_leaf,53
guam_potion_(unf),123
guam_seed,11
guam_tar,4
guardian_boots,1529904
guthan's_armour_set,1774284
guthan's_chainskirt_0,228844
guthan's_chainskirt,293221
guthan's_helm_0,351934
guthan's_helm,402977
guthan's_platebody_0,313445
guthan's_platebody,394572
guthan's_warspear_0,549430
guthan's_warspear,617294
guthix_armour_set_(lg),176925
guthix_armour_set_(sk),182730
guthix_balance(1),258
guthix_balance(2),391
guthix_balance(3),194
guthix_balance(4),292
guthix_bracers,10628
guthix_chaps,246731
guthix_cloak,6599
guthix_coif,50461
guthix_crozier,3107
guthix_d'hide_body,225354
guthix_d'hide_boots,303268
guthix_d'hide_shield,112695
guthix_dragonhide_set,590091
guthix_full_helm,36601
guthix_kiteshield,38953
guthix_mitre,12757
guthix_mjolnir,2973
guthix_page_1,2456
guthix_page_2,2240
guthix_page_3,2137
guthix_page_4,2185
guthix_platebody,42923
guthix_platelegs,42840
guthix_plateskirt,37962
guthix_rest(1),371
guthix_rest(2),712
guthix_rest(3),1272
guthix_rest(4),1766
guthix_robe_legs,64993
guthix_robe_top,91846
guthix_stole,3465
hair,126
half_full_wine_jug,8471
half_moon_spectacles,32615
halloween_mask_set,11189
ham_boots,4529
ham_cloak,2062
ham_gloves,1345
ham_hood,436
ham_joint,8133091
ham_logo,2671
ham_robe,915
ham_shirt,408
hammer,58
hammerstone_hops,361
hammerstone_seed,5
hard_leather_shield,108
hard_leather,231
hardleather_body,9
harmonised_orb,816850565
harmony_island_teleport_(tablet),1819
harpoon,41
harralander_potion_(unf),895
harralander_seed,23
harralander_tar,6
harralander,798
hat_eyepatch,20301
headless_arrow,6
heavy_ballista,580275
heavy_frame,95212
helm_of_neitiznot,52643
herring,9
highwayman_mask,50664
hill_giant_club,432984
holy_blessing,7917
holy_book_page_set,21001
holy_elixir,628915
holy_mould,6
holy_sandals,1049853
holy_symbol,344
holy_wraps,523668
honourable_blessing,4162
hood_of_darkness,45063
hosidius_banner,1796
hosidius_hood,5336
hosidius_scarf,5623
hunter_potion(1),1122
hunter_potion(2),2273
hunter_potion(3),2974
hunter_potion(4),4174
hunters'_crossbow,1575
hunting_mix(1),121
hunting_mix(2),425
hydra_bones,4361
hydra_leather,3939764
hydra_tail,67805
hydra's_claw,37915990
ice_plateau_teleport_(tablet),1459
icy_basalt,839
imbued_heart,27053619
imp_mask,6218
impling_jar,507
incomplete_heavy_ballista,97483
incomplete_light_ballista,60837
infernal_ashes,2794
infinity_boots,605323
infinity_bottoms,3955565
infinity_gloves,1020027
infinity_hat,2030327
infinity_top,2949286
initiate_cuisse,4756
initiate_harness_m,25105
initiate_hauberk,5547
initiate_sallet,3356
inoculation_bracelet,1272
inquisitor's_armour_set,528558800
inquisitor's_great_helm,128423304
inquisitor's_hauberk,189504250
inquisitor's_mace,485429573
inquisitor's_plateskirt,209816567
insect_repellent,65
insulated_boots,409
iorwerth_camp_teleport,3807
irit_leaf,741
irit_potion_(unf),844
irit_seed,38
iron_2h_sword,115
iron_arrow,3
iron_arrow(p),42
iron_arrow(p+),24
iron_arrow(p++),82
iron_arrowtips,8
iron_axe,66
iron_bar,121
iron_battleaxe,54
iron_bolts_(p),144
iron_bolts_(p+),221
iron_bolts_(p++),656
iron_bolts_(unf),19
iron_bolts,13
iron_boots,2977
iron_brutal,105
iron_chainbody,79
iron_claws,70
iron_crossbow_(u),49
iron_crossbow,82
iron_dagger,53
iron_dagger(p),121
iron_dagger(p+),1644
iron_dagger(p++),4810
iron_dart_(p),35
iron_dart_tip,32
iron_dart,6
iron_dart(p+),32
iron_dart(p++),73
iron_dragon_mask,6105
iron_full_helm_(g),294672
iron_full_helm_(t),73989
iron_full_helm,99
iron_gold-trimmed_set_(lg),1039393
iron_gold-trimmed_set_(sk),1044315
iron_halberd,974
iron_hasta,18
iron_hasta(p),3009
iron_hasta(p+),3023
iron_hasta(p++),3467
iron_javelin_heads,27
iron_javelin,4
iron_javelin(p),26
iron_javelin(p+),8
iron_javelin(p++),13
iron_kiteshield_(g),235450
iron_kiteshield_(t),81478
iron_kiteshield,89
iron_knife,31
iron_knife(p),205
iron_knife(p+),207
iron_knife(p++),1172
iron_limbs,52
iron_longsword,64
iron_mace,68
iron_med_helm,50
iron_nails,9
iron_ore,40
iron_pickaxe,102
iron_platebody_(g),427886
iron_platebody_(t),106601
iron_platebody,100
iron_platelegs_(g),39935
iron_platelegs_(t),24088
iron_platelegs,131
iron_plateskirt_(g),6885
iron_plateskirt_(t),2085
iron_plateskirt,61
iron_scimitar,57
iron_set_(lg),744
iron_set_(sk),858
iron_spear,289
iron_spear(p),1247
iron_spear(p+),63
iron_spear(p++),6354
iron_spit,144
iron_sq_shield,52
iron_sword,62
iron_thrownaxe,36
iron_trimmed_set_(lg),300860
iron_trimmed_set_(sk),337534
iron_warhammer,24
ivory_comb,150
jade_amulet_(u),665
jade_amulet,791
jade_bolt_tips,4
jade_bracelet,662
jade_dragon_bolts_(e),546
jade_dragon_bolts,723
jade_machete,5125
jade_necklace,655
jade_ring,587
jade,266
jangerberries,200
jangerberry_seed,2
jar_of_chemicals,17408
jar_of_darkness,9105492
jar_of_decay,9705
jar_of_dirt,10114
jar_of_dreams,261736
jar_of_eyes,248562
jar_of_miasma,24894
jar_of_sand,596623
jar_of_smoke,189115
jar_of_souls,32520
jar_of_spirits,606233
jar_of_stone,1615669
jar_of_swamp,11993
javelin_shaft,1
jester_cape,72854
jogre_bones,550
jug_of_water,32
jug_of_wine,3
jug,3
jungle_camo_legs,908
jungle_camo_top,825
jungle_demon_mask,20293
justiciar_armour_set,30115891
justiciar_chestguard,7744054
justiciar_faceguard,13569190
justiciar_legguards,8617195
jute_fibre,1008
jute_seed,4
karambwan_vessel_(baited),1332
karambwan_vessel,981
karidian_disguise,164
karil's_armour_set,2734967
karil's_coif_0,8253
karil's_coif,40681
karil's_crossbow_0,94550
karil's_crossbow,139023
karil's_leatherskirt_0,427779
karil's_leatherskirt,464613
karil's_leathertop_0,1970765
karil's_leathertop,2013150
katana,69053
kebab_mix,228
kebab,59
kebbit_bolts,234
kebbit_claws,231
kebbit_spike,1349
kebbit_teeth_dust,2871
kebbit_teeth,2536
keg_of_beer,608
kharidian_headpiece,288
kharyrll_teleport_(tablet),1644
khazard_teleport_(tablet),865
king_worm,240
kitchen_knife,7852
kitchen_table_(flatpack),7
knife,50
kodai_insignia,75097944
kodai_wand,79607006
kraken_tentacle,335348
krandorian_hops,97
krandorian_seed,7
kwuarm_potion_(unf),1561
kwuarm_seed,216
kwuarm,1435
kyatt_fur,1332
kyatt_hat,4034
kyatt_legs,2476
kyatt_top,1747
lantadyme_potion_(unf),1581
lantadyme_seed,470
lantadyme,1437
lantern_lens,13
large_oak_bed_(flatpack),332
large_teak_bed_(flatpack),1921
larupia_fur,155
larupia_hat,656
larupia_legs,622
larupia_top,517
lassar_teleport_(tablet),1006
lava_battlestaff,9281
lava_dragon_bones,2867
lava_dragon_mask,2358310
lava_rune,5
lava_scale_shard,305
lava_scale,2163
lava_staff_upgrade_kit,516447
law_rune,154
leaf-bladed_battleaxe,57248
leaf-bladed_sword,40094
lean_snail_meat,2204
lean_snail,2184
leaping_salmon,17
leaping_sturgeon,151
leaping_trout,7
leather_body_(g),156496
leather_body,17
leather_boots,35
leather_chaps_(g),21742
leather_chaps,2
leather_cowl,5
leather_gloves,20
leather_vambraces,7
leather,296
left_eye_patch,23857
lemon_chunks,112
lemon_slices,112
lemon,40
leprechaun_hat,4479
lesser_demon_mask,16821
light_ballista,492993
light_bow_tie,46224
light_frame,29170
light_infinity_colour_kit,8124
light_orb,102
light_trousers,251271
light_tuxedo_cuffs,98199
light_tuxedo_jacket,2155552
light_tuxedo_shoes,557340
lime_chunks,173
lime_slices,150
lime,52
limestone_brick,122
limestone,77
limpwurt_root,756
limpwurt_seed,24
linen,701
lizardkicker,53
lizardman_fang,15
loar_remains,121
lobster_pot,166
lobster,129
lockpick,172
locust_meat,20
logs,45
long_kebbit_bolts,669
long_kebbit_spike,3369
longbow_(u),11
longbow,47
loop_half_of_key,10197
looting_bag_note,41677
lovakengj_banner,863
lovakengj_hood,8840
lovakengj_scarf,6952
lumberyard_teleport,11459
lumbridge_teleport_(tablet),545
lunar_isle_teleport,3269
m._treasure_chest_(flatpack),3505
machete,331
mackerel,14
mage's_book,4004939
magic_bird_house,1672
magic_box,718
magic_cape_rack_(flatpack),321655
magic_comp_bow,5184
magic_essence_mix(1),333
magic_essence_mix(2),1338
magic_fang,2427031
magic_logs,916
magic_longbow_(u),1023
magic_longbow,1223
magic_mix(1),550
magic_mix(2),529
magic_potion(1),45
magic_potion(2),58
magic_potion(3),74
magic_potion(4),77
magic_pyre_logs,2066
magic_roots,1640
magic_sapling,136145
magic_seed,133304
magic_shield,472
magic_shortbow_(u),763
magic_shortbow_scroll,202680
magic_shortbow,812
magic_staff,148
magic_stock,532
magic_stone,980832
magic_string,877
magpie_impling_jar,17466
mahogany_armchair_(flatpack),191
mahogany_armour_case_(flatpack),5828
mahogany_bench_(flatpack),169
mahogany_bird_house,1085
mahogany_bookcase_(flatpack),9
mahogany_cape_rack_(flatpack),1194
mahogany_dresser_(flatpack),2483
mahogany_fancy_dress_box_(flatpack),3703
mahogany_logs,360
mahogany_magic_wardrobe_(flatpack),578
mahogany_plank,2016
mahogany_pyre_logs,1694
mahogany_sapling,1698
mahogany_seed,1035
mahogany_stock,58
mahogany_table_(flatpack),10
mahogany_toy_box_(flatpack),2997
mahogany_wardrobe_(flatpack),1348
malediction_shard_1,165105
malediction_shard_2,1322127
malediction_shard_3,100559
malediction_ward,1435627
malicious_ashes,963
manta_ray,1594
maple_bird_house,700
maple_blackjack,1672
maple_blackjack(d),3069
maple_blackjack(o),1858
maple_logs,10
maple_longbow_(u),79
maple_longbow,247
maple_pyre_logs,1797
maple_roots,116
maple_sapling,16948
maple_seed,16064
maple_shield,9
maple_shortbow_(u),78
maple_shortbow,186
maple_stock,7
marble_block,327274
marble_cape_rack_(flatpack),178185
marble_magic_wardrobe_(flatpack),437793
marigold_seed,2
marigolds,312
marrentill_potion_(unf),103
marrentill_seed,10
marrentill_tar,1
marrentill,40
mask_of_ranul,18544
master_scroll_book_(empty),147071
master_wand,5001122
mature_cider,74191
mature_wmb,10453
meat_pie,30
meat_pizza,469
meat_tenderiser,27250
menaphite_purple_hat,969
menaphite_purple_kilt,674
menaphite_purple_robe,983
menaphite_purple_top,1067
menaphite_red_hat,414
menaphite_red_kilt,248
menaphite_red_robe,415
menaphite_red_top,970
merfolk_trident,805835
minced_meat,257
mind_altar_teleport_(tablet),1673
mind_bomb(4),22043
mind_bomb(m4),22557
mind_helmet,1439
mind_rune,2
mind_shield,15025
mind_talisman,3639
mind_tiara,4
mining_helmet,216
mint_cake,7360
mirror_shield,5513
mist_battlestaff,64306
mist_rune,105
mith_grapple_(unf),845
mith_grapple_tip,581
mith_grapple,1322
mithril_2h_sword,1241
mithril_arrow,5
mithril_arrow(p),113
mithril_arrow(p+),183
mithril_arrow(p++),178
mithril_arrowtips,34
mithril_axe,79
mithril_bar,636
mithril_battleaxe,699
mithril_bolts_(p),219
mithril_bolts_(p+),486
mithril_bolts_(p++),987
mithril_bolts_(unf),73
mithril_bolts,69
mithril_boots,699
mithril_brutal,176
mithril_chainbody,978
mithril_claws,91
mithril_crossbow_(u),341
mithril_crossbow,439
mithril_dagger,32
mithril_dagger(p),212
mithril_dagger(p+),4048
mithril_dagger(p++),3901
mithril_dart_tip,75
mithril_dart,5
mithril_dart(p),114
mithril_dart(p+),138
mithril_dart(p++),539
mithril_dragon_mask,5953
mithril_full_helm_(g),13071
mithril_full_helm_(t),4089
mithril_full_helm,780
mithril_gold-trimmed_set_(lg),49767
mithril_gold-trimmed_set_(sk),35922
mithril_halberd,6429
mithril_hasta,308
mithril_hasta(p),6150
mithril_hasta(p+),9763
mithril_hasta(p++),9863
mithril_javelin_heads,122
mithril_javelin,29
mithril_javelin(p),43
mithril_javelin(p+),21
mithril_javelin(p++),23
mithril_kiteshield_(g),5773
mithril_kiteshield_(t),3917
mithril_kiteshield,1067
mithril_knife,126
mithril_knife(p),303
mithril_knife(p+),304
mithril_knife(p++),1005
mithril_limbs,427
mithril_longsword,563
mithril_mace,109
mithril_med_helm,344
mithril_nails,48
mithril_ore,89
mithril_pickaxe,365
mithril_platebody_(g),8302
mithril_platebody_(t),3689
mithril_platebody,2652
mithril_platelegs_(g),3461
mithril_platelegs_(t),2446
mithril_platelegs,1290
mithril_plateskirt_(g),2459
mithril_plateskirt_(t),1969
mithril_plateskirt,1326
mithril_scimitar,374
mithril_seeds,704
mithril_set_(lg),6591
mithril_set_(sk),8651
mithril_spear,299
mithril_spear(p),269
mithril_spear(p+),6398
mithril_spear(p++),5978
mithril_sq_shield,771
mithril_sword,254
mithril_thrownaxe,137
mithril_trimmed_set_(lg),25096
mithril_trimmed_set_(sk),28242
mithril_warhammer,581
mixed_flowers,47
mole_claw,5406
mole_skin,4738
mole_slippers,276999
molten_glass,96
monk's_robe_(g),1355657
monk's_robe_(t),17967
monk's_robe_top_(g),5209361
monk's_robe_top_(t),72974
monk's_robe_top,341
monk's_robe,299
monkey_bar,220
monkey_bones,404
monkey_nuts,155
monkey_tail,407207
monkfish,333
monocle,19416
moonclan_teleport_(tablet),971
moonlight_mead,68
moonlight_mead(4),132825
moonlight_mead(m),4338
moonlight_mead(m4),190740
morrigan's_javelin,20000
morrigan's_throwing_axe,20000
mort_myre_fungus,227
mort_myre_pear,968
mort_myre_stem,347
mort'ton_teleport,18641
mos_le'harmless_teleport,633
mottled_eel,85
mud_battlestaff,14096
mud_pie,596
mud_rune,196
muddy_key,2851
mummy's_body,654432
mummy's_feet,203366
mummy's_hands,221984
mummy's_head,477028
mummy's_legs,360834
mushroom_&_onion,224
mushroom_pie,1244
mushroom_potato,896
mushroom_spore,97
mushroom,72
musketeer_hat,101092
musketeer_pants,65739
musketeer_tabard,70971
myre_snelm_(pointed),166
myre_snelm_(round),11
mystic_air_staff,25055
mystic_boots_(dark),70090
mystic_boots_(dusk),50194
mystic_boots_(light),14277
mystic_boots,5435
mystic_dust_staff,50228
mystic_earth_staff,25001
mystic_fire_staff,25014
mystic_gloves_(dark),6589
mystic_gloves_(dusk),28887
mystic_gloves_(light),5533
mystic_gloves,5422
mystic_hat_(dark),43908
mystic_hat_(dusk),51865
mystic_hat_(light),8498
mystic_hat,15123
mystic_lava_staff,25940
mystic_mist_staff,105799
mystic_mud_staff,47927
mystic_robe_bottom_(dark),48062
mystic_robe_bottom_(dusk),97468
mystic_robe_bottom_(light),47810
mystic_robe_bottom,47346
mystic_robe_top_(dark),71653
mystic_robe_top_(dusk),177530
mystic_robe_top_(light),71218
mystic_robe_top,71407
mystic_set_(blue),153671
mystic_set_(dark),246160
mystic_set_(dusk),462712
mystic_set_(light),164332
mystic_smoke_staff,1084840
mystic_steam_staff,83013
mystic_water_staff,25119
nail_beast_nails,5479
nardah_teleport,14074
nasturtium_seed,1
nasturtiums,66
nature_impling_jar,3250
nature_rune,192
nature_talisman,1026
nature_tiara,47
navy_cavalier,2151
necklace_mould,119
necklace_of_anguish,9232312
necklace_of_faith,675
necklace_of_passage(5),964
needle,35
neitiznot_shield,1508
nice_hedge_(bagged),10891
nightmare_staff,18266513
ninja_impling_jar,28944
noose_wand,3
nose_peg,479
numulite,24
nunchaku,5437
oak_armchair_(flatpack),16
oak_armour_case_(flatpack),14
oak_bed_(flatpack),1556
oak_bench_(flatpack),112
oak_bird_house,681
oak_blackjack(d),434
oak_blackjack(o),1212
oak_bookcase_(flatpack),9
oak_cape_rack_(flatpack),19
oak_chair_(flatpack),103
oak_clock_(flatpack),293
oak_dining_table_(flatpack),4
oak_drawers_(flatpack),26
oak_dresser_(flatpack),125
oak_fancy_dress_box_(flatpack),11
oak_kitchen_table_(flatpack),8
oak_logs,67
oak_longbow_(u),15
oak_longbow,60
oak_magic_wardrobe_(flatpack),17
oak_plank,435
oak_pyre_logs,971
oak_roots,95
oak_sapling,373
oak_shaving_stand_(flatpack),80
oak_shield,3
oak_shortbow_(u),9
oak_shortbow,30
oak_stock,2
oak_toy_box_(flatpack),17
oak_treasure_chest_(flatpack),18
oak_wardrobe_(flatpack),15
obsidian_armour_set,1673258
obsidian_cape_(r),1072695
obsidian_cape,448428
obsidian_helmet,427766
obsidian_platebody,651876
obsidian_platelegs,514951
occult_necklace,249917
occult_ornament_kit,3942540
ochre_snelm_(pointed),360
ochre_snelm_(round),75
odium_shard_1,58727
odium_shard_2,1428604
odium_shard_3,100207
odium_ward,1726564
ogre_arrow_shaft,80
ogre_arrow,68
ogre_coffin_key,1068
oil_lamp,878
oil_lantern_frame,60
oil_lantern,362
old_demon_mask,29370
old_school_bond,4984951
olive_oil(1),28
olive_oil(2),29
olive_oil(3),35
olive_oil(4),39
onion_&_tomato,9
onion_seed,1
onion,39
onions(10),767
onyx_amulet_(u),2227119
onyx_amulet,1422458
onyx_bolt_tips,8385
onyx_bolts_(e),8592
onyx_bolts,8597
onyx_bracelet,1429170
onyx_dragon_bolts_(e),9284
onyx_dragon_bolts,9346
onyx_necklace,1463272
onyx_ring,1282688
onyx,1413644
opal_amulet_(u),454
opal_amulet,422
opal_bolt_tips,36
opal_bolts_(e),5
opal_bolts,29
opal_bracelet,587
opal_dragon_bolts_(e),1166
opal_dragon_bolts,994
opal_machete,562
opal_necklace,619
opal_ring,493
opal,304
opulent_table_(flatpack),38322
orange_boater,2284
orange_cape,866
orange_chunks,100
orange_dye,651
orange_feather,10
orange_flowers,208
orange_salamander,88
orange_sapling,62
orange_slices,94
orange_tree_seed,8
orange,52
oranges(5),496
ornate_maul_handle,616275
ourania_teleport_(tablet),964
ourg_bones,34113
oyster_pearl,97
oyster_pearls,926
oyster,58
paddewwa_teleport_(tablet),740
palm_sapling,30552
palm_tree_seed,29658
pantaloons,27266
papaya_fruit,652
papaya_sapling,2445
papaya_tree_seed,1775
papyrus,227
partyhat_&_specs,585974
partyhat_set,28439
pastry_dough,166
pat_of_butter,40
peaceful_blessing,3636
pearl_bolt_tips,50
pearl_bolts_(e),4
pearl_bolts,73
pearl_dragon_bolts_(e),768
pearl_dragon_bolts,694
pegasian_boots,28667430
pegasian_crystal,70334
penguin_mask,17534
pest_control_teleport,955
pestle_and_mortar,312
pharaoh's_sceptre_(3),3106726
pharaoh's_sceptre,3048524
phoenix_necklace,2236
phrin_remains,580
pie_dish,20
pie_recipe_book,78
pie_shell,241
pike,21
pile_of_salt,134
pineapple_chunks,176
pineapple_pizza,604
pineapple_punch,42
pineapple_ring,82
pineapple_sapling,417
pineapple_seed,34
pineapple,123
pink_boater,4619
pink_boots,505
pink_cape,1487
pink_elegant_blouse,1378
pink_elegant_legs,2583
pink_elegant_shirt,1619
pink_elegant_skirt,5247
pink_hat,369
pink_headband,2535
pink_robe_bottoms,262
pink_robe_top,544
pink_skirt,48
pirate_bandana_(blue),572
pirate_bandana_(brown),283
pirate_bandana_(red),662
pirate_bandana_(white),486
pirate_boots,237
pirate_hat_&_patch,54670
pirate_leggings_(beige),465
pirate_leggings_(blue),745
pirate_leggings_(brown),595
pirate_leggings_(red),621
pirate's_hat,20926
pirate's_hook,5744037
piscarilius_banner,1367
piscarilius_hood,26265
piscarilius_scarf,6447
piscatoris_teleport,2371
pith_helmet,2011
pitta_bread,39
pizza_base,123
plain_pizza,404
plank,151
plant_cure,159
poison_(item),414
poison_chalice,1073
poison_ivy_berries,66
poison_ivy_seed,12
polar_camo_legs,4123
polar_camo_top,2798
polar_kebbit_fur,696
polished_buttons,396
pot_lid,546
pot_of_cornflour,594
pot_of_cream,14
pot_of_flour,76
pot,7
potato_cactus_seed,8
potato_cactus,565
potato_seed,1
potato_with_butter,359
potato_with_cheese,301
potato,49
potatoes(10),777
pottery_scarab,73
pottery_statuette,98
prayer_mix(1),2162
prayer_mix(2),4578
prayer_potion(1),2432
prayer_potion(2),4899
prayer_potion(3),7369
prayer_potion(4),9895
premade_blurb'_sp.,187
premade_c+t_batta,43
premade_ch'_crunch,47
premade_choc_bomb,106
premade_choc_s'dy,40
premade_dr'_dragon,26
premade_fr'_blast,31
premade_fr't_batta,41
premade_p'_punch,25
premade_s'y_crunch,41
premade_sgg,24
premade_t'd_batta,41
premade_t'd_crunch,448
premade_ttl,74
premade_veg_ball,46
premade_veg_batta,41
premade_w'm_batta,42
premade_w'm_crun',41
premade_wiz_blz'd,23
premade_worm_hole,48
priest_gown_(bottom),53
priest_gown_(top),33
primordial_boots,19960938
primordial_crystal,19761808
proboscis,170
proselyte_cuisse,11086
proselyte_harness_f,28618
proselyte_harness_m,27330
proselyte_hauberk,12268
proselyte_sallet,4403
proselyte_tasset,5792
pumpkin,7604
pure_essence,1
purple_boater,2459
purple_boots,886
purple_cape,838
purple_dye,368
purple_elegant_blouse,1469
purple_elegant_legs,1161
purple_elegant_shirt,1330
purple_elegant_skirt,1499
purple_firelighter,85
purple_flowers,217
purple_gloves,770
purple_hat,457
purple_partyhat,6128
purple_robe_bottoms,717
purple_robe_top,612
purple_sweets,7188
pyre_logs,880
pyrophosphite,42
rabbit_foot,1109
rabbit_snare,5
rain_bow,267045
rainbow_fish,56
rake,164
ranarr_potion_(unf),7588
ranarr_seed,42855
ranarr_weed,7463
ranger_boots,28519966
ranger_gloves,644332
rangers'_tights,309317
rangers'_tunic,3410958
ranging_mix(1),540
ranging_mix(2),210
ranging_potion(1),57
ranging_potion(2),118
ranging_potion(3),162
ranging_potion(4),225
raurg_bones,4523
raw_admiral_pie,896
raw_anchovies,82
raw_anglerfish,1557
raw_bass,11
raw_bear_meat,144
raw_beast_meat,109
raw_beef,75
raw_bird_meat,36
raw_boar_meat,120
raw_cave_eel,375
raw_chicken,89
raw_chompy,1622
raw_cod,55
raw_dark_crab,1363
raw_fish_pie,967
raw_garden_pie,880
raw_herring,119
raw_jubbly,465
raw_karambwan,355
raw_lobster,108
raw_mackerel,81
raw_manta_ray,1432
raw_monkfish,226
raw_mud_pie,1161
raw_mystery_meat,395
raw_oomlie,2480
raw_pike,54
raw_rabbit,172
raw_rainbow_fish,282
raw_rat_meat,73
raw_salmon,42
raw_sardine,44
raw_sea_turtle,787
raw_shark,656
raw_shrimps,63
raw_slimy_eel,306
raw_summer_pie,1198
raw_swordfish,217
raw_trout,58
raw_tuna,38
raw_ugthanki_meat,909
raw_wild_pie,2914
raw_yak_meat,61
red_bead,776
red_beret,5852
red_boater,2426
red_boots,1267
red_cape,152
red_cavalier,2536
red_chinchompa,973
red_d'hide_body_(g),6327
red_d'hide_body_(t),6204
red_d'hide_body,5991
red_d'hide_chaps_(g),7056
red_d'hide_chaps_(t),2708
red_d'hide_chaps,2657
red_d'hide_shield,6765
red_d'hide_vambraces,1698
red_dragon_leather,2320
red_dragon_mask,6261
red_dragonhide_set,11665
red_dragonhide,2170
red_dye,260
red_elegant_blouse,3299
red_elegant_legs,11881
red_elegant_shirt,34480
red_elegant_skirt,3000
red_feather,14
red_firelighter,75
red_flowers,34
red_gloves,912
red_halloween_mask,3612
red_hat,918
red_headband,1277
red_partyhat,2816
red_robe_bottoms,754
red_robe_top,866
red_salamander,68
red_spiders'_eggs,416
red_spiky_vambraces,1599
red_topaz_machete,17730
red_topaz,1830
redberries,39
redberry_pie,46
redberry_seed,2
redwood_bird_house,1220
redwood_logs,274
redwood_pyre_logs,1851
redwood_sapling,30609
redwood_shield,332
redwood_tree_seed,28677
regen_bracelet,1535517
relicym's_balm(1),235
relicym's_balm(2),363
relicym's_balm(3),575
relicym's_balm(4),903
relicym's_mix(1),259
relicym's_mix(2),492
restore_mix(1),282
restore_mix(2),205
restore_potion(1),29
restore_potion(2),51
restore_potion(3),43
restore_potion(4),74
revenant_cave_teleport,9993
revenant_ether,173
ribcage_piece,29019
right_eye_patch,150
ring_mould,107
ring_of_3rd_age,2601416
ring_of_coins,15359850
ring_of_dueling(8),816
ring_of_endurance_(uncharged),42597856
ring_of_forging,1017
ring_of_life,1805
ring_of_nature,10886747
ring_of_pursuit,420
ring_of_recoil,782
ring_of_returning(5),727
ring_of_stone,968924
ring_of_suffering,9320707
ring_of_the_gods,17819589
ring_of_wealth_(5),13048
ring_of_wealth_scroll,206132
ring_of_wealth,11949
riyl_remains,682
roast_beast_meat,26
roast_bird_meat,17
roast_rabbit,128
robe_bottom_of_darkness,65947
robe_top_of_darkness,78186
robin_hood_hat,1137687
rock_hammer,700
rock_thrownhammer,238
rock-climbing_boots,82610
rock-shell_boots,322
rock-shell_chunk,12231
rock-shell_gloves,709
rock-shell_helm,22127
rock-shell_legs,37818
rock-shell_plate,38192
rock-shell_shard,20641
rock-shell_splinter,23085
rocking_chair_(flatpack),19
roe,91
rolling_pin,14706
rope,62
rosemary_seed,2
rosemary,47
royal_crown,81667
royal_gown_bottom,11613
royal_gown_top,41390
royal_sceptre,14456
ruby_amulet_(u),1072
ruby_amulet,1222
ruby_bolt_tips,98
ruby_bolts_(e),102
ruby_bolts,240
ruby_bracelet,1182
ruby_dragon_bolts_(e),1214
ruby_dragon_bolts,1144
ruby_harvest_(item),64
ruby_necklace,1122
ruby_ring,1076
ruby,876
rune_2h_sword,37695
rune_armour_set_(lg),129220
rune_armour_set_(sk),131616
rune_arrow,37
rune_arrow(p),162
rune_arrow(p+),420
rune_arrow(p++),628
rune_arrowtips,219
rune_axe,7138
rune_battleaxe,24336
rune_boots,7281
rune_brutal,1002
rune_cane,8330
rune_chainbody,29438
rune_claws,6610
rune_crossbow,9442
rune_dagger,4414
rune_dagger(p),5735
rune_dagger(p+),4051
rune_dagger(p++),7728
rune_dart_tip,810
rune_dart,303
rune_dart(p),297
rune_dart(p+),1208
rune_dart(p++),1096
rune_defender_ornament_kit,16612
rune_dragon_mask,15812
rune_essence,9
rune_full_helm_(g),71312
rune_full_helm_(t),24563
rune_full_helm,20511
rune_gold-trimmed_set_(lg),326121
rune_gold-trimmed_set_(sk),305772
rune_halberd,37707
rune_hasta,11727
rune_hasta(p),19778
rune_hasta(p+),21673
rune_hasta(p++),18453
rune_helm_(h1),50572
rune_helm_(h2),21241
rune_helm_(h3),21059
rune_helm_(h4),20944
rune_helm_(h5),21201
rune_javelin_heads,553
rune_javelin,172
rune_javelin(p),425
rune_javelin(p+),594
rune_javelin(p++),1261
rune_kiteshield_(g),92052
rune_kiteshield_(t),33074
rune_kiteshield,31837
rune_knife,244
rune_knife(p),340
rune_knife(p+),635
rune_knife(p++),231
rune_longsword,18534
rune_mace,8142
rune_med_helm,11060
rune_nails,827
rune_pickaxe,18481
rune_platebody_(g),58608
rune_platebody_(h1),39404
rune_platebody_(h2),39591
rune_platebody_(h3),39123
rune_platebody_(h4),40497
rune_platebody_(h5),39564
rune_platebody_(t),39309
rune_platebody,38417
rune_platelegs_(g),68566
rune_platelegs_(t),40092
rune_platelegs,37767
rune_plateskirt_(g),38662
rune_plateskirt_(t),38197
rune_plateskirt,37762
rune_pouch_note,3114948
rune_scimitar_ornament_kit_(guthix),29706
rune_scimitar_ornament_kit_(saradomin),75626
rune_scimitar_ornament_kit_(zamorak),96444
rune_scimitar,15056
rune_shield_(h1),43495
rune_shield_(h2),33254
rune_shield_(h3),32854
rune_shield_(h4),32496
rune_shield_(h5),32551
rune_spear,11695
rune_spear(p),16982
rune_spear(p+),19493
rune_spear(p++),16130
rune_sq_shield,22432
rune_sword,12014
rune_thrownaxe,207
rune_trimmed_set_(lg),157588
rune_trimmed_set_(sk),167976
rune_warhammer,26279
runescroll_of_bloodbark,14370
runescroll_of_swampbark,12119
runite_bar,12372
runite_bolts_(p),312
runite_bolts_(p+),496
runite_bolts_(p++),718
runite_bolts_(unf),177
runite_bolts,136
runite_crossbow_(u),9308
runite_limbs,9291
runite_ore,11170
sacred_oil(1),520
sacred_oil(2),778
sacred_oil(3),1816
sacred_oil(4),1500
sagacious_spectacles,553095
salmon,66
saltpetre,5
salve_graveyard_teleport_(tablet),1671
samurai_boots,40543
samurai_gloves,23459
samurai_greaves,51775
samurai_kasa,56770
samurai_shirt,93413
sandstone_(10kg),2031
sandstone_(1kg),2
sandstone_(2kg),100
sandstone_(5kg),3
sandwich_lady_bottom,2006
sandwich_lady_hat,7182
sandwich_lady_top,6348
sandworms,96
sanfew_serum(1),4475
sanfew_serum(2),9494
sanfew_serum(3),14335
sanfew_serum(4),19605
sanguinesti_staff_(uncharged),54864057
santa_hat,10597
sapphire_amulet_(u),448
sapphire_amulet,551
sapphire_bolt_tips,26
sapphire_bolts_(e),13
sapphire_bolts,108
sapphire_bracelet,581
sapphire_dragon_bolts_(e),613
sapphire_dragon_bolts,622
sapphire_glacialis_(item),415
sapphire_necklace,488
sapphire_ring,486
sapphire,295
sarachnis_cudgel,245999
saradomin_armour_set_(lg),333203
saradomin_armour_set_(sk),269751
saradomin_bracers,37188
saradomin_brew(1),881
saradomin_brew(2),1770
saradomin_brew(3),2755
saradomin_brew(4),3840
saradomin_chaps,415675
saradomin_cloak,19354
saradomin_coif,49389
saradomin_crozier,3911
saradomin_d'hide_body,353238
saradomin_d'hide_boots,312074
saradomin_d'hide_shield,106408
saradomin_dragonhide_set,880080
saradomin_full_helm,65051
saradomin_godsword_ornament_kit,2491419
saradomin_godsword,25234271
saradomin_hilt,24842522
saradomin_kiteshield,68452
saradomin_mitre,15100
saradomin_mjolnir,2948
saradomin_page_1,2412
saradomin_page_2,2465
saradomin_page_3,2733
saradomin_page_4,2462
saradomin_platebody,75154
saradomin_platelegs,72574
saradomin_plateskirt,37756
saradomin_robe_legs,119392
saradomin_robe_top,222867
saradomin_stole,7753
saradomin_sword,262817
saradomin's_light,108649
saradomin's_tear,4831179
sardine,8
saw,269
scrambled_egg,18
scythe_of_vitur_(uncharged),462393220
sea_turtle,1054
seasoned_sardine,586
seaweed_spore,491
seaweed,10
secateurs,145
security_book,65
seed_dibber,201
seercull,18023
seers_ring,221090
senntisten_teleport_(tablet),1390
serpentine_helm_(uncharged),2440887
serpentine_visage,2413594
serum_207_(1),2
serum_207_(2),6
serum_207_(3),4
serum_207_(4),9
shade_robe_top,331
shade_robe,410
shaikahan_bones,3686
shaman_mask,5874
shantay_pass_(item),21
shark,930
shaving_stand_(flatpack),12
shayzien_banner,795
shayzien_hood,5652
shayzien_scarf,9475
shears,20
shield_left_half,65139
shield_right_half,770268
ship_ticket,168
shirt_(brown),831
shirt_(lilac),906
shirt_(yellow),1013
shoe_box_(flatpack),7
short_green_guy,40
shortbow_(u),5
shortbow,33
shorts_(blue),1343
shorts_(brown),1236
shorts_(yellow),1221
shoulder_parrot,222742
shrimps,25
shrunk_ogleroot,142
sickle_mould,25
silk,12
silver_bar,79
silver_bolts_(p),40
silver_bolts_(p+),101
silver_bolts_(p++),118
silver_bolts_(unf),8
silver_bolts,5
silver_dust,130
silver_locks,13068
silver_ore,37
silver_sickle,83
sinew,95
sinister_key,32531
skeletal_boots,38002
skeletal_bottoms,23352
skeletal_gloves,76027
skeletal_helm,61554
skeletal_top,26578
skeletal_visage,15489591
skewer_stick,12
skewer,2334
skills_necklace,12282
skills_necklace(4),12574
skills_necklace(6),13705
skirt_(blue),959
skirt_(brown),884
skirt_(lilac),1075
skull_piece,53057
slayer_bell,129
slayer's_enchantment,3043
slayer's_respite,32
slayer's_respite(4),22488
slayer's_respite(m),40725
slayer's_respite(m4),247358
slayer's_staff,21712
sleeping_cap,24791
sliced_banana,56
sliced_mushrooms,92
small_box_hedge_(bagged),15936
small_fishing_net,98
smoke_battlestaff,1009619
smoke_rune,76
smouldering_stone,4656140
snake_hide_(swamp),329
snake_hide,166
snakeskin_bandana,38
snakeskin_body,493
snakeskin_boots,183
snakeskin_chaps,433
snakeskin_shield,264
snakeskin_vambraces,187
snakeskin,15
snapdragon_potion_(unf),8881
snapdragon_seed,55682
snapdragon,8716
snape_grass_seed,2856
snape_grass,310
snowy_knight_(item),201
soaked_page,1127
soda_ash,51
soft_clay,250
soul_rune,183
spade,126
spatula,1479
spectral_sigil,58236728
spectral_spirit_shield,57591072
spice,50
spicy_crunchies,1207
spicy_minced_meat,533
spicy_sauce,385
spicy_tomato,277
spider_carcass,55
spider_on_shaft,105
spider_on_stick,226
spiked_boots,2133
spiked_manacles,483258
spiky_vambraces,14
spinach_roll,58
spined_body,4166
spined_boots,10888
spined_chaps,6664
spined_gloves,3120
spined_helm,40832
spiny_helmet,763
spirit_shield,71837
split_log,957
splitbark_body,27253
splitbark_boots,6387
splitbark_gauntlets,2468
splitbark_helm,5478
splitbark_legs,23770
spork,288
spotted_cape,872
spotted_kebbit_fur,20
spottier_cape,1891
staff_of_air,1413
staff_of_balance,20396925
staff_of_bob_the_cat,125481
staff_of_earth,724
staff_of_fire,1293
staff_of_light,4098416
staff_of_the_dead,3969956
staff_of_water,991
staff,38
stale_baguette,629325
stamina_mix(1),2327
stamina_mix(2),2803
stamina_potion(1),1114
stamina_potion(2),2264
stamina_potion(3),3340
stamina_potion(4),4444
statius's_warhammer,10000000
steam_battlestaff,45394
steam_rune,69
steam_staff_upgrade_kit,549823
steel_2h_sword,382
steel_arrow,8
steel_arrow(p),56
steel_arrow(p+),242
steel_arrow(p++),1073
steel_arrowtips,20
steel_axe,32
steel_bar,363
steel_battleaxe,174
steel_bolts_(p),121
steel_bolts_(p+),231
steel_bolts_(p++),694
steel_bolts_(unf),36
steel_bolts,32
steel_boots,111
steel_brutal,92
steel_chainbody,215
steel_claws,84
steel_crossbow_(u),94
steel_crossbow,91
steel_dagger,12
steel_dagger(p),394
steel_dagger(p+),2179
steel_dagger(p++),4566
steel_dart_tip,52
steel_dart,2
steel_dart(p),34
steel_dart(p+),64
steel_dart(p++),72
steel_dragon_mask,6024
steel_full_helm_(g),23473
steel_full_helm_(t),7860
steel_full_helm,137
steel_gold-trimmed_set_(lg),93969
steel_gold-trimmed_set_(sk),95531
steel_halberd,4610
steel_hasta,89
steel_hasta(p),8267
steel_hasta(p+),9863
steel_hasta(p++),8443
steel_javelin_heads,58
steel_javelin,4
steel_javelin(p),89
steel_javelin(p+),13
steel_javelin(p++),29
steel_kiteshield_(g),21827
steel_kiteshield_(t),9307
steel_kiteshield,275
steel_knife,39
steel_knife(p),116
steel_knife(p+),99
steel_knife(p++),346
steel_limbs,98
steel_locks,9480
steel_longsword,115
steel_mace,42
steel_med_helm,54
steel_nails,11
steel_pickaxe,227
steel_platebody_(g),25085
steel_platebody_(t),9166
steel_platebody,820
steel_platelegs_(g),4243
steel_platelegs_(t),2647
steel_platelegs,407
steel_plateskirt_(g),3254
steel_plateskirt_(t),4317
steel_plateskirt,396
steel_scimitar,97
steel_set_(lg),1855
steel_set_(sk),2163
steel_spear,74
steel_spear(p),292
steel_spear(p+),221
steel_spear(p++),466
steel_sq_shield,148
steel_studs,293
steel_sword,62
steel_thrownaxe,41
steel_trimmed_set_(lg),46913
steel_trimmed_set_(sk),49856
steel_warhammer,134
stew,29
stone_scarab,164
stone_seal,194
stone_statuette,180
stony_basalt,772
strange_fruit,701
strange_old_lockpick_(full),115830
strawberries(5),1223
strawberry_seed,4
strawberry,212
strength_amulet_(t),17651
strength_mix(1),341
strength_mix(2),175
strength_potion(1),89
strength_potion(2),176
strength_potion(3),257
strength_potion(4),359
stretched_hide,3162
stripy_feather,4
stripy_pirate_shirt_(beige),326
stripy_pirate_shirt_(blue),730
stripy_pirate_shirt_(brown),663
stripy_pirate_shirt_(red),769
stronghold_notes,128
strung_rabbit_foot,341
studded_body_(g),21884
studded_body_(t),9781
studded_body,386
studded_chaps_(g),26802
studded_chaps_(t),5776
studded_chaps,252
sulliuscep_cap,1216
summer_pie,498
super_antifire_mix(1),381
super_antifire_mix(2),1197
super_antifire_potion(1),2141
super_antifire_potion(2),4218
super_antifire_potion(3),6651
super_antifire_potion(4),7874
super_attack(1),44
super_attack(2),88
super_attack(3),158
super_attack(4),306
super_combat_potion(1),2450
super_combat_potion(2),4843
super_combat_potion(3),7213
super_combat_potion(4),9749
super_def._mix(1),269
super_def._mix(2),290
super_defence(1),214
super_defence(2),389
super_defence(3),551
super_defence(4),769
super_energy_mix(1),925
super_energy_mix(2),1180
super_energy(1),448
super_energy(2),932
super_energy(3),1016
super_energy(4),1361
super_kebab,1023
super_potion_set,3099
super_restore_mix(1),4287
super_restore_mix(2),4595
super_restore(1),2633
super_restore(2),5257
super_restore(3),8032
super_restore(4),10968
super_str._mix(1),733
super_str._mix(2),531
super_strength(1),435
super_strength(2),901
super_strength(3),1396
super_strength(4),1860
superantipoison(1),67
superantipoison(2),105
superantipoison(3),160
superantipoison(4),237
superattack_mix(1),736
superattack_mix(2),193
supercompost,400
superior_dragon_bones,8269
swamp_lizard,122
swamp_paste,5
swamp_tar,8
swamp_toad_(item),403
swamp_weed,152
swampbark_body,118287
swampbark_boots,25311
swampbark_gauntlets,20238
swampbark_helm,50756
swampbark_legs,111740
sweetcorn_(bowl),451
sweetcorn_seed,3
sweetcorn,198
swift_blade,12458146
swordfish,287
tai_bwo_wannai_teleport,7513
tall_box_hedge_(bagged),103697
tall_fancy_hedge_(bagged),49377
tan_cavalier,3515
tangled_toad's_legs,4721
tanzanite_fang,2413255
target_teleport_scroll,6379806
target_teleport,21783
tarromin_potion_(unf),181
tarromin_seed,11
tarromin_tar,1
tarromin,118
tatty_graahk_fur,179
tatty_kyatt_fur,393
tatty_larupia_fur,150
te_salt,117
teacher_wand,1764995
teak_armchair_(flatpack),23
teak_armour_case_(flatpack),100
teak_bed_(flatpack),1066
teak_bird_house,900
teak_cape_rack_(flatpack),36
teak_clock_(flatpack),1604
teak_dining_bench_(flatpack),275
teak_drawers_(flatpack),90
teak_dresser_(flatpack),150
teak_fancy_dress_box_(flatpack),96
teak_kitchen_table_(flatpack),80
teak_logs,148
teak_magic_wardrobe_(flatpack),73
teak_plank,789
teak_pyre_logs,1638
teak_sapling,316
teak_seed,32
teak_stock,56
teak_table_(flatpack),2
teak_toy_box_(flatpack),38
teak_treasure_chest_(flatpack),99
teak_wardrobe_(flatpack),146
teal_boots,769
teal_gloves,312
teal_hat,945
teal_robe_bottoms,439
teal_robe_top,596
team_cape_i,1895196
team_cape_x,2187890
team_cape_zero,4352527
team-1_cape,439
team-10_cape,179
team-11_cape,484
team-12_cape,443
team-13_cape,244
team-14_cape,519
team-15_cape,397
team-16_cape,50
team-17_cape,283
team-18_cape,402
team-19_cape,190
team-2_cape,409
team-20_cape,316
team-21_cape,431
team-22_cape,437
team-23_cape,183
team-24_cape,520
team-25_cape,290
team-26_cape,77
team-27_cape,253
team-28_cape,441
team-29_cape,242
team-3_cape,188
team-30_cape,185
team-31_cape,214
team-32_cape,214
team-33_cape,210
team-34_cape,427
team-35_cape,288
team-36_cape,30
team-37_cape,236
team-38_cape,457
team-39_cape,112
team-4_cape,400
team-40_cape,197
team-41_cape,363
team-42_cape,240
team-43_cape,269
team-44_cape,375
team-45_cape,373
team-46_cape,67
team-47_cape,210
team-48_cape,417
team-49_cape,143
team-5_cape,260
team-50_cape,215
team-6_cape,25
team-7_cape,243
team-8_cape,347
team-9_cape,230
teasing_stick,4
teleport_card,234
teleport_to_house_(tablet),570
thammaron's_sceptre_(u),3707199
thatch_spar_dense,55
thatch_spar_light,29
thatch_spar_med,5
thieving_bag,8173
thin_snail_meat,703
thin_snail,673
thorny_hedge_(bagged),5517
thread,9
tiara_mould,114
tiara,100
timber_beam,416
tin_ore,54
tinderbox,73
toad_batta,595
toad_crunchies,3743
toad's_legs,498
toadflax_potion_(unf),2108
toadflax_seed,1790
toadflax,2003
toktz-ket-xil,266146
toktz-mej-tal,286564
toktz-xil-ak,321336
toktz-xil-ek,40379
toktz-xil-ul,1517
tomato_seed,2
tomato,40
tomatoes(5),439
tome_of_fire_(empty),913033
tome_of_water_(empty),592204
tooth_half_of_key,10502
top_hat_&_monocle,141112
top_hat,102896
topaz_amulet_(u),2312
topaz_amulet,2445
topaz_bolt_tips,179
topaz_bolts_(e),5
topaz_bolts,227
topaz_bracelet,2248
topaz_dragon_bolts_(e),521
topaz_dragon_bolts,816
topaz_necklace,1330
topaz_ring,1956
topiary_hedge_(bagged),26122
torag's_armour_set,637216
torag's_hammers_0,96632
torag's_hammers,97270
torag's_helm_0,61529
torag's_helm,110260
torag's_platebody_0,166540
torag's_platebody,224820
torag's_platelegs_0,168060
torag's_platelegs,216681
tormented_bracelet,9179781
tormented_ornament_kit,2827976
torn_prayer_scroll,47073
torstol_potion_(unf),7447
torstol_seed,48328
torstol,7340
tortoise_shell,2368
torture_ornament_kit,4107786
toxic_blowpipe_(empty),2434558
toxic_staff_(uncharged),6415474
toy_cat,2398
toy_doll_(wound),2563
toy_doll,1565
toy_mouse_(wound),2267
toy_mouse,1617
toy_soldier_(wound),2455
toy_soldier,1368
trading_sticks,5
trailblazer_banner,66765
trailblazer_boots_(t1),14102
trailblazer_boots_(t2),131352
trailblazer_boots_(t3),804112
trailblazer_cane,254965
trailblazer_globe,708540
trailblazer_graceful_ornament_kit,64866
trailblazer_hood_(t1),15006
trailblazer_hood_(t2),132783
trailblazer_hood_(t3),860274
trailblazer_relic_hunter_(t1)_armour_set,309973
trailblazer_relic_hunter_(t2)_armour_set,837287
trailblazer_relic_hunter_(t3)_armour_set,2292087
trailblazer_rug,964817
trailblazer_teleport_scroll,231305
trailblazer_tool_ornament_kit,343453
trailblazer_top_(t1),14931
trailblazer_top_(t2),134217
trailblazer_top_(t3),1556405
trailblazer_trousers_(t1),12608
trailblazer_trousers_(t2),119879
trailblazer_trousers_(t3),923846
treasonous_ring,299313
triangle_sandwich,378
tribal_mask_(blue),1227
tribal_mask_(green),1511
tribal_mask_(orange),2070
tribal_top_(blue),5292
tribal_top_(brown),4231
tribal_top_(pink),3452
tribal_top_(yellow),4482
trident_of_the_seas_(full),716608
trousers_(blue),756
trousers_(brown),1042
trousers_(lilac),975
trout,28
trouver_parchment,1123903
tuna_and_corn,885
tuna_potato,1437
tuna,54
turquoise_boots,486
turquoise_hat,308
turquoise_robe_bottoms,570
turquoise_robe_top,76
twisted_banner,189216
twisted_blueprints,649029
twisted_boots_(t1),45286
twisted_boots_(t2),156080
twisted_boots_(t3),590574
twisted_bow,780957491
twisted_buckler,7195964
twisted_cane,303656
twisted_coat_(t1),164899
twisted_coat_(t2),295167
twisted_coat_(t3),1117680
twisted_hat_(t1),91587
twisted_hat_(t2),187435
twisted_hat_(t3),717407
twisted_horns,500757
twisted_relic_hunter_(t1)_armour_set,226572
twisted_relic_hunter_(t2)_armour_set,435689
twisted_relic_hunter_(t3)_armour_set,1509761
twisted_teleport_scroll,168721
twisted_trousers_(t1),38221
twisted_trousers_(t2),160342
twisted_trousers_(t3),541128
tyrannical_ring,1510500
tyras_helm,939
tzhaar-ket-em,82969
tzhaar-ket-om_ornament_kit,7050
tzhaar-ket-om,203471
ugthanki_&_onion,6
ugthanki_&_tomato,5
ugthanki_kebab,769
ugthanki_meat,245
ultracompost,660
unblessed_symbol,88
uncharged_toxic_trident_(e),5911290
uncharged_toxic_trident,2481055
uncharged_trident_(e),3801274
uncharged_trident,41596
uncooked_apple_pie,351
uncooked_berry_pie,354
uncooked_botanical_pie,1438
uncooked_dragonfruit_pie,1430
uncooked_egg,11
uncooked_meat_pie,390
uncooked_mushroom_pie,2009
uncut_diamond,2676
uncut_dragonstone,14115
uncut_emerald,558
uncut_jade,137
uncut_onyx,1436579
uncut_opal,205
uncut_red_topaz,1621
uncut_ruby,1123
uncut_sapphire,317
uncut_zenyte,11848614
unfinished_broad_bolts,56
unfinished_potion,205
unfired_bowl,247
unfired_pie_dish,168
unfired_plant_pot,119
unfired_pot_lid,188
unfired_pot,44
unholy_blessing,45582
unholy_book_page_set,101168
unholy_symbol,327
unicorn_horn_dust,238
unicorn_horn,174
unlit_bug_lantern,432
unlit_torch,6
unpowered_orb,110
unpowered_symbol,169
unstrung_comp_bow,953
unstrung_emblem,168
unstrung_heavy_ballista,155732
unstrung_light_ballista,81935
unstrung_symbol,94
uri's_hat,29566
urium_remains,4158
urt_salt,116
vampyre_dust,524
varrock_teleport_(tablet),557
veg_ball,1151
vegetable_batta,2123
verac's_armour_set,835082
verac's_brassard_0,175455
verac's_brassard,253914
verac's_flail_0,98925
verac's_flail,162841
verac's_helm_0,69822
verac's_helm,109899
verac's_plateskirt_0,249782
verac's_plateskirt,274386
vesta's_longsword,10000000
vesta's_spear,10000000
vial_of_blood,3970
vial_of_water,4
vial,3
viggora's_chainmace_(u),8994025
vile_ashes,449
villager_armband_(blue),993
villager_armband_(brown),1025
villager_armband_(pink),977
villager_armband_(yellow),1010
villager_hat_(blue),4084
villager_hat_(brown),3827
villager_hat_(pink),3637
villager_hat_(yellow),3517
villager_robe_(blue),3935
villager_robe_(brown),3851
villager_robe_(pink),3411
villager_robe_(yellow),3317
villager_sandals_(blue),2685
villager_sandals_(brown),3134
villager_sandals_(pink),2961
villager_sandals_(yellow),2992
vodka,215
volatile_orb,143444211
volcanic_ash,66
volcanic_whip_mix,1006307
vyrewatch_legs,1886
vyrewatch_shoes,2598
vyrewatch_top,2321
war_blessing,6974
ward_upgrade_kit,855915
warrior_helm,39299
warrior_ring,33971
watchtower_teleport_(tablet),310
water_battlestaff,8917
water_orb,1208
water_rune,5
water_talisman,848
water_tiara,103
waterbirth_teleport_(tablet),885
watering_can,181
watermelon_seed,15
watermelon_slice,41
watermelon,21
waterskin(0),50
waterskin(4),85
watson_teleport,10267
weapon_poison,369
weapon_poison(+),635
weapon_poison(++),2887
weeds,161
west_ardougne_teleport_(tablet),1911
whisky,101
white_2h_sword,1408
white_apron,76
white_battleaxe,4261
white_bead,2277
white_beret,17689
white_berries,174
white_boater,2294
white_boots,1451
white_cavalier,10711
white_chainbody,1151
white_claws,2190
white_dagger,191
white_dagger(p),141
white_dagger(p+),165
white_dagger(p++),334
white_dark_bow_paint,1036898
white_elegant_blouse,3395
white_elegant_skirt,2092
white_firelighter,69
white_flowers,269578
white_full_helm,1477
white_gloves,909
white_halberd,3304
white_headband,1775
white_kiteshield,1734
white_lily_seed,1976
white_lily,740
white_longsword,2057
white_mace,633
white_magic_staff,1479
white_med_helm,2454
white_partyhat,1996
white_platebody,5082
white_platelegs,3047
white_plateskirt,3153
white_scimitar,1256
white_sq_shield,2684
white_sword,2755
white_toy_horsey,297
white_unicorn_mask,7222
white_warhammer,1818
whiteberry_seed,4
wild_pie,612
wildblood_hops,52
wildblood_seed,173
wilderness_crabs_teleport,40065
willow_bird_house,704
willow_blackjack,139
willow_blackjack(d),1008
willow_blackjack(o),2504
willow_branch,1010
willow_comp_bow,4272
willow_logs,19
willow_longbow_(u),50
willow_longbow,144
willow_pyre_logs,1459
willow_roots,24
willow_sapling,951
willow_seed,385
willow_shield,5
willow_shortbow_(u),36
willow_shortbow,82
willow_stock,3
wine_of_zamorak,773
wizard_blizzard,44
wizard_boots,185537
wizard_hat,197
wizard's_mind_bomb,104
woad_leaf,70
woad_seed,5
wolf_bones,476
wolf_cloak,32773
wolf_mask,5052
wolfbone_arrowtips,53
wood_camo_legs,3775
wood_camo_top,3820
wood_dining_table_(flatpack),6
wooden_bed_(flatpack),455
wooden_bench_(flatpack),21
wooden_cat,2925
wooden_chair_(flatpack),269
wooden_shield_(g),263281
wooden_shield,178
wooden_spoon,76
wooden_stock,1
wool,40
worm_batta,1552
worm_crunchies,2548
worm_hole,3236
woven_top_(blue),1201
woven_top_(brown),1081
woven_top_(yellow),937
wrapped_oomlie,5149
wrath_rune,419
wrath_talisman,602
wrath_tiara,37
wyrm_bones,946
wyvern_bones,1578
wyvern_visage,19365278
xerician_fabric,675
xerician_hat,2146
xerician_robe,2398
xerician_top,2463
yak-hide_armour_(legs),254
yak-hide_armour_(top),875
yak-hide,151
yanillian_hops,980
yanillian_seed,7
yellow_bead,769
yellow_boots,771
yellow_cape,209
yellow_dark_bow_paint,743148
yellow_dye,245
yellow_feather,60
yellow_flowers,31
yellow_gloves,717
yellow_hat,911
yellow_partyhat,3093
yellow_robe_bottoms,864
yellow_robe_top,895
yew_bird_house,976
yew_comp_bow,3251
yew_logs,217
yew_longbow_(u),299
yew_longbow,509
yew_pyre_logs,1729
yew_roots,112
yew_sapling,49636
yew_seed,48423
yew_shield,125
yew_shortbow_(u),201
yew_shortbow,387
yew_stock,94
young_impling_jar,1478
zalcano_shard,25876
zamorak_armour_set_(lg),492915
zamorak_armour_set_(sk),494616
zamorak_bracers,64709
zamorak_brew(1),710
zamorak_brew(2),916
zamorak_brew(3),1750
zamorak_brew(4),2842
zamorak_chaps,442223
zamorak_cloak,9106
zamorak_coif,46805
zamorak_crozier,4136
zamorak_d'hide_body,380638
zamorak_d'hide_boots,392142
zamorak_d'hide_shield,128848
zamorak_dragonhide_set,973664
zamorak_full_helm,348103
zamorak_godsword_ornament_kit,149161
zamorak_godsword,2825712
zamorak_hilt,2348598
zamorak_kiteshield,39866
zamorak_mitre,14782
zamorak_mix(1),251
zamorak_mix(2),534
zamorak_mjolnir,2962
zamorak_monk_bottom,2756
zamorak_monk_top,692
zamorak_page_1,15358
zamorak_page_2,16385
zamorak_page_3,24510
zamorak_page_4,15743
zamorak_platebody,40045
zamorak_platelegs,41534
zamorak_plateskirt,38329
zamorak_robe_legs,127206
zamorak_robe_top,240364
zamorak_stole,5082
zamorak's_grapes,1350
zamorakian_hasta,10321305
zamorakian_spear,10183220
zenyte_amulet_(u),14260504
zenyte_amulet,14353885
zenyte_bracelet,13298014
zenyte_necklace,10095595
zenyte_ring,11648907
zenyte_shard,7614430
zenyte,13713584
zogre_bones,328
zombie_head_(treasure_trails),4947
zul-andra_teleport,18721
zulrah's_scales,121
zuriel's_staff,10000000
